benchmark,metric,lhs,rhs,contrast,paired_mean_difference,ci95_low,ci95_high,n_pairs,positive_pairs,equal_pairs,negative_pairs
GB1,Final,T-DCG-96,G-Rank,B96 minus alternative,0.0199136693960734,-0.022885391882901385,0.06568639359202152,24,6,12,6
GB1,Final,T-DCG-96,T-Uniform-96,B96 minus alternative,0.005171054127065704,-0.026959747924555758,0.03971847233657713,24,6,13,5
GB1,Final,T-DCG-96,T-DCG-192,B96 minus alternative,-0.0006379085482763983,-0.03663401752208279,0.03732275291304308,24,6,11,7
GB1,Query_AUC,T-DCG-96,G-Rank,B96 minus alternative,0.010813652224414749,0.000354709556846925,0.021716379848500104,24,12,6,6
GB1,Query_AUC,T-DCG-96,T-Uniform-96,B96 minus alternative,0.0032811788322744903,-0.0063254527571498026,0.013428562825320395,24,8,7,9
GB1,Query_AUC,T-DCG-96,T-DCG-192,B96 minus alternative,0.00664039322267061,-0.001083405571676317,0.014715296614433082,24,11,8,5
PABP,Final,T-DCG-96,G-Rank,B96 minus alternative,0.046742410208333356,-0.10338080988020831,0.2024380819104161,24,6,16,2
PABP,Final,T-DCG-96,T-Uniform-96,B96 minus alternative,0.1719051207083334,0.022584558843750005,0.3319634357833332,24,8,15,1
PABP,Final,T-DCG-96,T-DCG-192,B96 minus alternative,0.06711224416666668,-0.049455013583333325,0.19835006633333338,24,5,17,2
PABP,Query_AUC,T-DCG-96,G-Rank,B96 minus alternative,0.015872480942708368,-0.04881301566562494,0.09010627440611979,24,8,10,6
PABP,Query_AUC,T-DCG-96,T-Uniform-96,B96 minus alternative,0.04483605659895836,-0.02244209323776037,0.11843620623997393,24,10,9,5
PABP,Query_AUC,T-DCG-96,T-DCG-192,B96 minus alternative,-0.005686456166666622,-0.061608172954427054,0.03320104883841155,24,7,14,3
TrpB,Final,T-DCG-96,G-Rank,B96 minus alternative,0.025595777833333343,0.009209014083333337,0.04561095861770832,24,13,7,4
TrpB,Final,T-DCG-96,T-Uniform-96,B96 minus alternative,0.010985978583333333,-0.0028319364166666666,0.02682325375000001,24,8,11,5
TrpB,Final,T-DCG-96,T-DCG-192,B96 minus alternative,0.011538377041666673,0.0026790831250000043,0.02235105470833333,24,7,15,2
TrpB,Query_AUC,T-DCG-96,G-Rank,B96 minus alternative,0.004940279906249988,-0.0035792939669270886,0.014513168608723924,24,13,3,8
TrpB,Query_AUC,T-DCG-96,T-Uniform-96,B96 minus alternative,0.0012647800729166613,-0.005626275572265633,0.008322091223437468,24,13,2,9
TrpB,Query_AUC,T-DCG-96,T-DCG-192,B96 minus alternative,0.0006257733177083327,-0.003881669076822906,0.005760139013020823,24,7,11,6
