benchmark,objective,n,Final_mean,Final_sd,Final_median,Final_q1,Final_q3,Final_iqr,Query_AUC_mean,Query_AUC_sd,Query_AUC_median,Query_AUC_q1,Query_AUC_q3,Query_AUC_iqr,Final_rank,Query_AUC_rank
GB1,G-Rank,24,0.8297319237546438,0.10320875975956426,0.8345908537078612,0.825004381071726,0.8345908537078612,0.009586472636135213,0.653968518758086,0.08140033119861352,0.6677340708709689,0.6123254770086661,0.7060141754423467,0.09368869843368055,4.0,4.0
GB1,T-Uniform-96,24,0.8444745390236518,0.11228564018736731,0.8345908537078612,0.825004381071726,0.8968470704537536,0.07184268938202754,0.6615009921502263,0.07831630149849107,0.6731062321214263,0.6104035926423461,0.7155122690870657,0.10510867644471955,3.0,2.0
GB1,T-DCG-96,24,0.8496455931507173,0.10838844974804657,0.8345908537078612,0.8337256475375073,0.8968470704537536,0.06312142291624623,0.6647821709825009,0.07311877055664032,0.6787797581758748,0.6189637514805217,0.714965083989625,0.09600133250910325,2.0,1.0
GB1,T-DCG-192,24,0.8502835016989937,0.11319092693325565,0.8345908537078612,0.8149977506029156,0.9386427361043289,0.12364498550141334,0.6581417777598302,0.07134094633787613,0.6729698077821935,0.6182474162964239,0.7001906221720758,0.08194320587565196,1.0,3.0
PABP,G-Rank,24,2.3604737249166665,0.4766156365732324,2.468214306,1.8263253557499999,2.868778599,1.0424532432500002,1.9395894296979168,0.2848323115126275,1.8561290764375,1.7577670118125,2.06025117553125,0.3024841637187501,2.0,3.0
PABP,T-Uniform-96,24,2.235311014416667,0.46821260981936436,2.046302018,1.822900012,2.6881517985,0.8652517864999998,1.9106258540416665,0.29231118879453405,1.8285450831875,1.7449650909999999,1.96734257775,0.22237748675000013,4.0,4.0
PABP,T-DCG-96,24,2.407216135125,0.4457208581133273,2.468214306,1.964409118,2.868778599,0.904369481,1.955461910640625,0.29402305534491485,1.8774141175625,1.79216038396875,2.06025117553125,0.26809079156249993,1.0,2.0
PABP,T-DCG-192,24,2.3401038909583334,0.45582244951978895,2.2183403325000004,1.93017362275,2.868778599,0.9386049762500002,1.9611483668072915,0.3118151980601371,1.8575678475625002,1.7428963434375,2.1405520803437503,0.39765573690625033,3.0,1.0
TrpB,G-Rank,24,0.90451518125,0.04841634794645157,0.922559227,0.9061138745,0.932033526,0.025919651499999974,0.7699060395625,0.05657525147061714,0.769092565375,0.7463676328125,0.7993773682187499,0.05300973540624998,4.0,4.0
TrpB,T-Uniform-96,24,0.9191249805,0.034815578017114435,0.922559227,0.922559227,0.932033526,0.009474298999999964,0.7735815393958333,0.054764661028859817,0.770804740875,0.7503382975,0.810409112875,0.06007081537499992,2.0,3.0
TrpB,T-DCG-96,24,0.9301109590833333,0.03368672621581722,0.922559227,0.922559227,0.932033526,0.009474298999999964,0.7748463194687499,0.05139852648682799,0.7675685153125,0.74834287534375,0.7963263347187499,0.047983459374999926,1.0,1.0
TrpB,T-DCG-192,24,0.9185725820416667,0.031323939708865,0.922559227,0.922559227,0.932033526,0.009474298999999964,0.7742205461510417,0.05493997956393495,0.769878874375,0.7589574451562499,0.79961498028125,0.040657535125000144,3.0,2.0
