path,asset_class,paper_relation,bytes,sha256,disposition,note
.gitattributes,release metadata,Repository use / environment / release boundary,183,9543b424c1c2f1eaaf919d725c76ada37d50d9f0c54b3d412f45d94e5d5ef6d4,include,File inventory only; not a claim of complete validation
.gitignore,release metadata,Repository use / environment / release boundary,87,41a65bafa32d2fac536d32ecc6b71d31005b62f33352540cc660baf8499343c2,include,File inventory only; not a claim of complete validation
CITATION.cff,release metadata,Repository use / environment / release boundary,1156,46c6f9f32c5eb6606f7e704be998b3715950c828a8756c2febe86ef3c12cdcb4,include,File inventory only; not a claim of complete validation
EXCLUDE_INDEX.csv,release metadata,Repository use / environment / release boundary,1359,34fcf0ff9ec9e1710159704797556d32b6939dac5c471f6ed942499e80d7b995,include,File inventory only; not a claim of complete validation
LICENSE,release metadata,Repository use / environment / release boundary,11358,cfc7749b96f63bd31c3c42b5c471bf756814053e847c10f3eb003417bc523d30,include,File inventory only; not a claim of complete validation
README.md,release metadata,Repository use / environment / release boundary,2249,2c476fb15202e3f96854a8d09659d8445d105e64101486b67652525851f5e8ee,include,File inventory only; not a claim of complete validation
bata/__init__.py,method implementation,Main BATA framework / necessary baseline and mechanism adapters,165,465af9b24139b2263e78ac1f3f951d627be8515a4e237daca949d045abc98575,include,File inventory only; not a claim of complete validation
bata/__main__.py,method implementation,Main BATA framework / necessary baseline and mechanism adapters,8639,c435102d02561397305cde4b0995da33ffd0513adefc2aa61a1c3fbcfaccdd14,include,File inventory only; not a claim of complete validation
bata/alde.py,method implementation,Main BATA framework / necessary baseline and mechanism adapters,6153,61761f71542302a2ac263103baa34eb82f4fbdcfa04b460e7ac12cd17d8ff345,include,File inventory only; not a claim of complete validation
bata/baselines.py,method implementation,Main BATA framework / necessary baseline and mechanism adapters,1318,05844281d7e59e0cf61fb1a4a382529d5656bcedf6357093114e54dfff579e66,include,File inventory only; not a claim of complete validation
bata/calibration.py,method implementation,Main BATA framework / necessary baseline and mechanism adapters,3521,f428e6e43d6e216d71751e66da8f3a223c95d9f6fbfdefbb3da2078f3a85babe,include,File inventory only; not a claim of complete validation
bata/controls.py,method implementation,Main BATA framework / necessary baseline and mechanism adapters,6434,82503cc6a9abb0e266aa4f207142fbd1dbe7f005d8aacb96c566b51d5f50e887,include,File inventory only; not a claim of complete validation
bata/core.py,method implementation,Main BATA framework / necessary baseline and mechanism adapters,10980,125c3d05e9a94d2c47afd478a53060b672d29e37214d21f5e072691391850f8b,include,File inventory only; not a claim of complete validation
bata/data.py,method implementation,Main BATA framework / necessary baseline and mechanism adapters,2377,b4880f34950b64e5c440d11893a23a318a682f0f0ee61d33eacd8388f6adbc89,include,File inventory only; not a claim of complete validation
bata/dca_features.py,method implementation,Main BATA framework / necessary baseline and mechanism adapters,4063,45fee71dbc15174923e4eff61cd4a418e381ef2a3218da60421c94845e50153a,include,File inventory only; not a claim of complete validation
bata/embedding.py,method implementation,Main BATA framework / necessary baseline and mechanism adapters,1654,15415d4008291c5b524bf7f68688008afcad2ce11c9d2d9ae6c4a6c8e1dad705,include,File inventory only; not a claim of complete validation
bata/embedding_kernel.py,method implementation,Main BATA framework / necessary baseline and mechanism adapters,2103,ba0854c55932cf1c74358103c43815fee64544dfb1a5bafb1dda58a4ff0fcd4f,include,File inventory only; not a claim of complete validation
bata/evaluation.py,method implementation,Main BATA framework / necessary baseline and mechanism adapters,1263,fbda600d762a7833eecfcdd0e3df8bc446fa84ece1f6d6b8ea3d1c09f9b6ba5e,include,File inventory only; not a claim of complete validation
bata/low_budget.py,method implementation,Main BATA framework / necessary baseline and mechanism adapters,1551,0b1a7b3f716affb7ce5d5d012ed2e4d8cb3c4758e01c9ce75279cae98f68e232,include,File inventory only; not a claim of complete validation
bata/msa.py,method implementation,Main BATA framework / necessary baseline and mechanism adapters,1987,111a3101ae3aa92fd52b15ae9fe587f0b1db5afd7d85384b9b7c018499c603a7,include,File inventory only; not a claim of complete validation
bata/reap_adapter.py,method implementation,Main BATA framework / necessary baseline and mechanism adapters,2198,167e52ad54167504d37b21a4f4b3e7f7b31118a9864146bbb8676decb8a2a481,include,File inventory only; not a claim of complete validation
bata/variants.py,method implementation,Main BATA framework / necessary baseline and mechanism adapters,5141,2b5a29e6d365114cd5ce1ceb7bbf09fe7926ea19e3f54b93712ec12db0a3cc0f,include,File inventory only; not a claim of complete validation
configs/DATA_IDENTITY.json,external asset identity,Frozen representation and upstream data acquisition,6927,3ba804b6d302006fec4ae8c27507b8d4e5b0103eb1d6b5db6f839d51a08392b5,include,File inventory only; not a claim of complete validation
configs/MSA_RECIPE.json,external asset identity,Frozen representation and upstream data acquisition,3065,12c600ec5a4de57281e1e8d6a29771ee8885b8f8903f49895f89ac775a3c026c,include,File inventory only; not a claim of complete validation
configs/PLM_RECIPE.json,external asset identity,Frozen representation and upstream data acquisition,15705,9983ada18076da312696b83d09230d9fedeb5013a1014ed02e7ff47a9d3aaa85,include,File inventory only; not a claim of complete validation
configs/PROTEINGYM_SOURCE.json,external asset identity,Frozen representation and upstream data acquisition,1749,243cf9c251e06ecd07ac1e915fb0b1a9ed2e59d8cfeb4a3ba880bd182355be04,include,File inventory only; not a claim of complete validation
configs/REFERENCE_SOURCES.json,external asset identity,Frozen representation and upstream data acquisition,744,7b48eca22c172c6907e059e935520e2d1a5e9ac18d550f49f0d23de3e75c5ac9,include,File inventory only; not a claim of complete validation
configs/TRPB_SOURCE.json,external asset identity,Frozen representation and upstream data acquisition,624,9843f9c4e21239ff9c8dfdf840addbcdb4fa7013176ebb52529ea3ab1df213d5,include,File inventory only; not a claim of complete validation
docs/APPENDIX_RESULTS.md,reader documentation,"Method execution, results, limitations and source provenance",2258,c5bf2e0006e34fdefc0b57a4e628afb1c74b68f12c4bf3dab2bfd46006cf5f1b,include,File inventory only; not a claim of complete validation
docs/BASELINES.md,reader documentation,"Method execution, results, limitations and source provenance",2821,2b639216471b2b28f1db75961d9d043a7b299f10f75339152a9ebddde4fe69aa,include,File inventory only; not a claim of complete validation
docs/DATA.md,reader documentation,"Method execution, results, limitations and source provenance",2294,918a01fcfc7c75e7253da86230988a22e2bc2f25f9fcc50ac5d9ac6e2f15551f,include,File inventory only; not a claim of complete validation
docs/DATA_SOURCES.md,reader documentation,"Method execution, results, limitations and source provenance",4036,94a00d57f0bc5b1c71778c9b46dd4ebec8c83f9d67df23d4f65de604b656ed5a,include,File inventory only; not a claim of complete validation
docs/DCA_REBUILD.md,reader documentation,"Method execution, results, limitations and source provenance",4198,60fee311a4ac749ab3a993ccad7b9f64cd5146d160800f90c6389607ad272f77,include,File inventory only; not a claim of complete validation
docs/EXPERT_SUFFICIENCY.md,reader documentation,"Method execution, results, limitations and source provenance",2396,44695b65e5d38a4f84a762ad5d2b9ef4e4f3150e101e7cc5cb38de61b605a3b1,include,File inventory only; not a claim of complete validation
docs/LOW_BUDGET.md,reader documentation,"Method execution, results, limitations and source provenance",2499,92c64c2ddd1df51963de39c720d1d5121defe0d571f790c5c275477dc39e26ce,include,File inventory only; not a claim of complete validation
docs/PLM_REBUILD.md,reader documentation,"Method execution, results, limitations and source provenance",2833,4ed87aa02fcc61e0c4b690387224260463db02e41ca9d86945d9784f1646f32f,include,File inventory only; not a claim of complete validation
docs/REFERENCE_STATES.md,reader documentation,"Method execution, results, limitations and source provenance",2395,46403c438504c1847586104435891a47b903cfa430057dc97472bce65bebfc20,include,File inventory only; not a claim of complete validation
docs/RELEASE_BOUNDARY.md,reader documentation,"Method execution, results, limitations and source provenance",1772,1d53083412c19bbb7c78f4fe78d7009f376d3f92316a0e1b8aa2cbf06928c91c,include,File inventory only; not a claim of complete validation
docs/REPRODUCIBILITY.md,reader documentation,"Method execution, results, limitations and source provenance",6237,dbda6474cabdc6970396429102cdc0d20068beb98583eac990f6451b5adff568,include,File inventory only; not a claim of complete validation
docs/RESULTS.md,reader documentation,"Method execution, results, limitations and source provenance",1067,f489013441d6283bb3d4c5932e3d7ae834e463a914be4d644129466182677cba,include,File inventory only; not a claim of complete validation
docs/RESULT_VERIFICATION.md,reader documentation,"Method execution, results, limitations and source provenance",2378,5d98b9601750fd90f7d57e9e1d71ae04b7b3e296358d7c19fad83b9a32dd8c30,include,File inventory only; not a claim of complete validation
docs/THIRD_PARTY_ASSETS.md,reader documentation,"Method execution, results, limitations and source provenance",2231,57be7d8d2ae7a7719b7e2a0ae97d4f0a40695408c06fbc60d4919ee5907a2036,include,File inventory only; not a claim of complete validation
figures/PROVENANCE.json,figure source,Paper figures and their source-data mappings,644,025297a04433ba026fb808cf094c7f0da6e255dac3c429beb1b8859fdc2ba988,include,File inventory only; not a claim of complete validation
figures/README.md,figure source,Paper figures and their source-data mappings,1285,c03b93b594227e98ff53f4c1c19df15c687d9223ade61450d4a993f7234c6f82,include,File inventory only; not a claim of complete validation
figures/figure1_story.tex,figure source,Paper figures and their source-data mappings,4187,09fbbfe164c0bb543800a50f2209347f000ee4c3b9b7b3b19dcaa80ac45d7012,include,File inventory only; not a claim of complete validation
figures/figure2_main_results.tex,figure source,Paper figures and their source-data mappings,3651,46c89a14d5348ca2c31ac16c94120cc2a8aad4543afde5ddbec3b0d08e73f8c1,include,File inventory only; not a claim of complete validation
figures/figure3_mechanism.tex,figure source,Paper figures and their source-data mappings,4639,3e378679952b73d308af30750f52fdd934402943ec39fd66ad84a7bd3968ffa9,include,File inventory only; not a claim of complete validation
figures/figures.tex,figure source,Paper figures and their source-data mappings,280,1c663dc7ac527b323fec10ddb7a4ee0cdb78d9c5bfdec3e512b975ade4e85270,include,File inventory only; not a claim of complete validation
licenses/ALDE-MIT.txt,third-party attribution,Required notices for included attributed code,1067,057c4f0bc8467c6a9c4a08e2b81f00a2b0ab2a490a06dc38c4d17cfd49725675,include,File inventory only; not a claim of complete validation
manifests/FINAL70_ADAPTER_PARITY.json,frozen reproduction configuration,Paper cohorts / external dependency identity / scoped parity evidence,924,f8bfd978bf91d749dbc5b6482e8a6c06f1211bb3b9bc50565faa25857426968f,include,File inventory only; not a claim of complete validation
manifests/GB1_CLI_PARITY.json,frozen reproduction configuration,Paper cohorts / external dependency identity / scoped parity evidence,2010,44639f18a470f1b224d71f174b92d23ffcbd0fe63fbc25e33973fa22a5843954,include,File inventory only; not a claim of complete validation
manifests/GB1_CONTROLS_PARITY.json,frozen reproduction configuration,Paper cohorts / external dependency identity / scoped parity evidence,1869,98850cd0f2c9cddb759fb94a5ae2b33262ffcdc4922365b4db6c73952b9963ef,include,File inventory only; not a claim of complete validation
manifests/LOW_BUDGET_PARITY.json,frozen reproduction configuration,Paper cohorts / external dependency identity / scoped parity evidence,782,9fa2ab02bf06bb45e401828fdcf26c7d3ff9e771fba9dbcb0aa03f2f0848baf2,include,File inventory only; not a claim of complete validation
manifests/PROVENANCE.json,frozen reproduction configuration,Paper cohorts / external dependency identity / scoped parity evidence,2175,0544b0889b87289e5278eb9717e7948cd71815ddc1725608f9ab6293c51a8915,include,File inventory only; not a claim of complete validation
manifests/REAP_DEPENDENCY.json,frozen reproduction configuration,Paper cohorts / external dependency identity / scoped parity evidence,1685,52d03d0c9dccb0ec98ecd63f50810b7a5de98cb12e7fe42ca2b993944dcf9772,include,File inventory only; not a claim of complete validation
manifests/ablation24.json,frozen reproduction configuration,Paper cohorts / external dependency identity / scoped parity evidence,625967,0ee6e9d8de7bfe41ec4644edcd6352bc5226f03ba903f78a480fc34b3871994b,include,File inventory only; not a claim of complete validation
manifests/fine_m20_formal118.json,frozen reproduction configuration,Paper cohorts / external dependency identity / scoped parity evidence,205874,3021abf1e0d9f1b896c9a52255fc2aef6263d542d2dd230a4ec25d863a057b60,include,File inventory only; not a claim of complete validation
manifests/fine_m20_trpb70.json,frozen reproduction configuration,Paper cohorts / external dependency identity / scoped parity evidence,251657,9ebcbc82097f763f265ef069f79d6c058ab7a9e4a7eaba50431f0c8557e136ef,include,File inventory only; not a claim of complete validation
manifests/g20_confirmation10.json,frozen reproduction configuration,Paper cohorts / external dependency identity / scoped parity evidence,261497,00d593ea0c85f561d5c9d5307b60092784f0d306736bcce89e50fee584bdf589,include,File inventory only; not a claim of complete validation
manifests/gate_development5.json,frozen reproduction configuration,Paper cohorts / external dependency identity / scoped parity evidence,218414,b75fb22bf3467c754f64cf10864ce8d3aaf3865683edf6c4d3297f29daf59af6,include,File inventory only; not a claim of complete validation
manifests/main35.json,frozen reproduction configuration,Paper cohorts / external dependency identity / scoped parity evidence,911398,a3b394364ee004fcadcd40e69356a2cf589a9326b52784bbf6156890b006bcb0,include,File inventory only; not a claim of complete validation
manifests/matched_objective24.json,frozen reproduction configuration,Paper cohorts / external dependency identity / scoped parity evidence,500432,051cf5edd83fa66f950cb9856ca47bbe99878295719aee052c64fdacc285a320,include,File inventory only; not a claim of complete validation
manifests/pabp_low_budget48.json,frozen reproduction configuration,Paper cohorts / external dependency identity / scoped parity evidence,1270732,f60d785b9cd33010af835073c2adf9f96e43e75cb8c0f9ab749ae3a4e82dd13d,include,File inventory only; not a claim of complete validation
manifests/sensitivity70.json,frozen reproduction configuration,Paper cohorts / external dependency identity / scoped parity evidence,1227710,c13b0a70f8e9409ef35ecdd42666b55aa471cc56ae7886a8c065af6d92a52ab6,include,File inventory only; not a claim of complete validation
manifests/transfer24.json,frozen reproduction configuration,Paper cohorts / external dependency identity / scoped parity evidence,421876,321f32ef9af7e95f2f12ea24c01d4f011b2c80271ce7a878b6b7374d669c7a35,include,File inventory only; not a claim of complete validation
requirements-baselines.txt,release metadata,Repository use / environment / release boundary,205,34c459f21adc755754fa8429ad18a791a5d33e6129ded9e538449da241d8ad2b,include,File inventory only; not a claim of complete validation
requirements-features.txt,release metadata,Repository use / environment / release boundary,177,bdaf0db198e446b1d8b8d7c18b10e742ddb38b98226a32bc6e96385a49b719f9,include,File inventory only; not a claim of complete validation
requirements.txt,release metadata,Repository use / environment / release boundary,69,d25fa0380af9781080b9eacbe9b8fb5fb045f565612cbc7208a231207e6023a6,include,File inventory only; not a claim of complete validation
results/MAIN_PROVENANCE.json,paper result summary,Main tables / sensitivity / mechanisms / appendix including negative results,1201,fb2be8bf0dfc41b2c75f46c1f7bcd549334b32262aa311a241b1075137325c7d,include,File inventory only; not a claim of complete validation
results/appendix/Fig_capacity.csv,paper result summary,Main tables / sensitivity / mechanisms / appendix including negative results,298,937f513de2a23ce45513cebd9df1734e1498138f5dd60541878ee8fcdbb77089,include,File inventory only; not a claim of complete validation
results/appendix/Fig_trpb_finalization.csv,paper result summary,Main tables / sensitivity / mechanisms / appendix including negative results,659,0c9ab358a1438b5ee2bb8c1f2d9584c598d828bded5ba714ed43c59376d16aef,include,File inventory only; not a claim of complete validation
results/appendix/PROVENANCE.json,paper result summary,Main tables / sensitivity / mechanisms / appendix including negative results,4567,12152d810d38e0031f78158a6933345864851e58c8461d56e8193cc7e536a2de,include,File inventory only; not a claim of complete validation
results/appendix/ablation24.json,paper result summary,Main tables / sensitivity / mechanisms / appendix including negative results,12269,d808676b5e1e238cc949fe5c5cea18cb70cc6813ab98e3649ec13cf679aa019d,include,File inventory only; not a claim of complete validation
results/appendix/ablation_per_run.csv,paper result summary,Main tables / sensitivity / mechanisms / appendix including negative results,18647,c48b055e92d4567934aa13e30af2390d0b60f59d838e5c997856681732251ea1,include,File inventory only; not a claim of complete validation
results/appendix/curves_per_run.csv,paper result summary,Main tables / sensitivity / mechanisms / appendix including negative results,134087,2075de6248f901bdaf2ee8a9b1d2c71ea17ccece8044f0d8de238bacdfc7bfc4,include,File inventory only; not a claim of complete validation
results/appendix/curves_summary.csv,paper result summary,Main tables / sensitivity / mechanisms / appendix including negative results,13324,f1dbdd75c53efe27c973b6efa1a0b03408fe9794025537de57fb71e010b41ff4,include,File inventory only; not a claim of complete validation
results/appendix/pabp_low_budget48.json,paper result summary,Main tables / sensitivity / mechanisms / appendix including negative results,2666,67a7feebee9feb1686c99195ccdf191a34cfe913a073b4de7a1920fe010b5356,include,File inventory only; not a claim of complete validation
results/appendix/representation_capacity24.json,paper result summary,Main tables / sensitivity / mechanisms / appendix including negative results,3864,29f8b2eb8ea7a2b20a10ecae80c07e3ed5744a3e8d42ae00f309e8c9006b2d5c,include,File inventory only; not a claim of complete validation
results/appendix/runtime_summary.csv,paper result summary,Main tables / sensitivity / mechanisms / appendix including negative results,4127,69f987e8d11fcca057b3b2a82e12a8c35317b86a63ece43c1acdfcf253051fe9,include,File inventory only; not a claim of complete validation
results/appendix/speed_comparison.csv,paper result summary,Main tables / sensitivity / mechanisms / appendix including negative results,1464,0072b060d0946dd136c4ea22ca86735abdcea6fa654c2131dd32970314f25806,include,File inventory only; not a claim of complete validation
results/appendix/transfer24.json,paper result summary,Main tables / sensitivity / mechanisms / appendix including negative results,4786,517ababbf4afe7556d1f5cb4ef308569e6a7b0116161bf261975b11b546a5917,include,File inventory only; not a claim of complete validation
results/appendix/transfer_per_run.csv,paper result summary,Main tables / sensitivity / mechanisms / appendix including negative results,26867,158acec6b92e41cca0bc4242a0a0d6a677255d51e96b46df262cbe1d8acdb37d,include,File inventory only; not a claim of complete validation
results/appendix/trpb_capacity_development24.json,paper result summary,Main tables / sensitivity / mechanisms / appendix including negative results,12523,6e2a53be30bbaf04281f23104f6724511432db63ccc43089318a881e4cf6fdc4,include,File inventory only; not a claim of complete validation
results/appendix/trpb_capacity_development_per_run.csv,paper result summary,Main tables / sensitivity / mechanisms / appendix including negative results,28949,3a9610ff4f26cf88d441225a8e94797414baf5f9f713beddbfb7b931143da1b3,include,File inventory only; not a claim of complete validation
results/appendix/weights_summary.csv,paper result summary,Main tables / sensitivity / mechanisms / appendix including negative results,4331,25c2d380b0d094b6ccb20a34009414de098d6ccfed63253e163a2652235bd1fd,include,File inventory only; not a claim of complete validation
results/calibration/B96_paired_effects.csv,paper result summary,Main tables / sensitivity / mechanisms / appendix including negative results,2423,5443ed6c696c523a9b8748eb9dd810dcf6b6a04eff6ea527506f8969e9e374a4,include,File inventory only; not a claim of complete validation
results/calibration/PROVENANCE.json,paper result summary,Main tables / sensitivity / mechanisms / appendix including negative results,3137,788e54052f21dd9d682b36773ab1d12141e2d459abbdca5c7f19f3b459c3442f,include,File inventory only; not a claim of complete validation
results/calibration/common_calibration_diagnostics.csv,paper result summary,Main tables / sensitivity / mechanisms / appendix including negative results,712183,f76e838d4f43c91e40b7cf8d5f6c468c8301eda410c6ce7d01ef39f9706326f3,include,File inventory only; not a claim of complete validation
results/calibration/feedback_calibration_weights_per_round.csv,paper result summary,Main tables / sensitivity / mechanisms / appendix including negative results,220440,90c8d5c851ab7b966089a1025f9ce7de0c1f70762633c527ee1342d6140c9f34,include,File inventory only; not a claim of complete validation
results/calibration/forward_batch_diagnostics.csv,paper result summary,Main tables / sensitivity / mechanisms / appendix including negative results,232850,b4a545131779c43784e4b8b4c2b2830073bdd6365bdc5ee734bde605fa459e61,include,File inventory only; not a claim of complete validation
results/calibration/matched_objective_per_run.csv,paper result summary,Main tables / sensitivity / mechanisms / appendix including negative results,55674,e68d55241b72a2ac7aa2b529eabc9a799f1af30b1023663908c0660e66731f61,include,File inventory only; not a claim of complete validation
results/calibration/matched_objective_summary.csv,paper result summary,Main tables / sensitivity / mechanisms / appendix including negative results,3055,269f9d1dd2b8411ee72d284bd0ead2d7cbf374456384c4800ac54e2cdad3a0bb,include,File inventory only; not a claim of complete validation
results/calibration/mean_rank.csv,paper result summary,Main tables / sensitivity / mechanisms / appendix including negative results,211,cf6277693fe2cb63e48357b1cc1fddde85ba3444c48a60bc7d7b37af453c6b71,include,File inventory only; not a claim of complete validation
results/main35_per_run.csv,paper result summary,Main tables / sensitivity / mechanisms / appendix including negative results,27642,6c478f7d192856b1decfc0e52e081fb83fff1a85df4d142ad92248ad8f8c708b,include,File inventory only; not a claim of complete validation
results/main35_summary.csv,paper result summary,Main tables / sensitivity / mechanisms / appendix including negative results,1582,64e4aab594519864f5bbf5e05937ed4364912ef2103d4fd2d1b99c72c1793805,include,File inventory only; not a claim of complete validation
results/sensitivity70_per_run.csv,paper result summary,Main tables / sensitivity / mechanisms / appendix including negative results,41319,c4586e7c46b6452ae0e4561080647e7d099220250bc2c5ee7764b3fe5fac260f,include,File inventory only; not a claim of complete validation
results/sensitivity70_summary.csv,paper result summary,Main tables / sensitivity / mechanisms / appendix including negative results,1152,cd3eb0f8624501d7201a1fc66918282cd642c33c347b42224ddb6645eb485cb0,include,File inventory only; not a claim of complete validation
results/variants/PER_RUN_PROVENANCE.json,paper result summary,Main tables / sensitivity / mechanisms / appendix including negative results,792,8b71b52cac5c7de23dc534d776e07b4d03716e81b06302fd451cf34d21759d57,include,File inventory only; not a claim of complete validation
results/variants/PROVENANCE.json,paper result summary,Main tables / sensitivity / mechanisms / appendix including negative results,1296,98f22f96688f91a365df12899f0c57bc84d758a9fc44fc55e0a0c336653be57d,include,File inventory only; not a claim of complete validation
results/variants/fine_m20_formal118_per_run.csv,paper result summary,Main tables / sensitivity / mechanisms / appendix including negative results,16508,690c5ae77d06e0107c74a2e2ac9ae70a2ab40b3e9b9f58f223faf6ac76160553,include,File inventory only; not a claim of complete validation
results/variants/fine_m20_trpb70_per_run.csv,paper result summary,Main tables / sensitivity / mechanisms / appendix including negative results,17828,54e0c9a4440e081bddf8beabde279bab5df2ea535fbc5596d7359051fb068076,include,File inventory only; not a claim of complete validation
results/variants/fine_only_m20.json,paper result summary,Main tables / sensitivity / mechanisms / appendix including negative results,2594,88c0c7536d7316ee98695ffc41892fcbacb195444a08aaa9e551514a9fc81788,include,File inventory only; not a claim of complete validation
results/variants/g20_confirmation.json,paper result summary,Main tables / sensitivity / mechanisms / appendix including negative results,8347,45d24bac5d4ad36a239014843428da749457a5dc0e7221b21c1a0957dc380bc9,include,File inventory only; not a claim of complete validation
results/variants/g20_confirmation10_per_run.csv,paper result summary,Main tables / sensitivity / mechanisms / appendix including negative results,19657,fac809251cd3e886f7bcc7d29ce36aae13acb2dcf878556a23777c0d3a3e4125,include,File inventory only; not a claim of complete validation
results/variants/gate_development.json,paper result summary,Main tables / sensitivity / mechanisms / appendix including negative results,5895,dc046d5c16b503d39c331fbe0f4d359be6a340cadcd00dccc1b424fa2be7542f,include,File inventory only; not a claim of complete validation
results/variants/gate_development5_per_run.csv,paper result summary,Main tables / sensitivity / mechanisms / appendix including negative results,16030,89d737497237b562fbf14ee3fd33efcd887bdc44714f600db4a58fec7fa8ef0b,include,File inventory only; not a claim of complete validation
scripts/__init__.py,reproduction tooling,Data preparation / experiment entry points / evaluation / aggregation,41,d394ad38bd6050c855ccf3c6c5afb5ff8026a5691574e984bd9acfa5a4dcf142,include,File inventory only; not a claim of complete validation
scripts/aggregate_replays.py,reproduction tooling,Data preparation / experiment entry points / evaluation / aggregation,2501,2d4e4655e0a13b9a392a267895462ec1cab56f1569cdbc06906caeb81b8a0cad,include,File inventory only; not a claim of complete validation
scripts/build_artifact_index.py,reproduction tooling,Data preparation / experiment entry points / evaluation / aggregation,3026,20229c531ed875186e181610711d5bc8fde86cfc4d074b22acca6d506c794511,include,File inventory only; not a claim of complete validation
scripts/build_dca.py,reproduction tooling,Data preparation / experiment entry points / evaluation / aggregation,3156,746f380ceb93e3a76888847f412af4304c730dd6797e3a857df251051432843f,include,File inventory only; not a claim of complete validation
scripts/download_reference.py,reproduction tooling,Data preparation / experiment entry points / evaluation / aggregation,992,2f6ac2f02433632419d220ca85d38aa7bcfa4d1e790668fe6d23e21feb0ca143,include,File inventory only; not a claim of complete validation
scripts/evaluate_low_budget.py,reproduction tooling,Data preparation / experiment entry points / evaluation / aggregation,2983,8373f7827113fd2980a39c50e81cf8600acc0dabd6de95c571cfd6bfa40ba16a,include,File inventory only; not a claim of complete validation
scripts/export_reference.py,reproduction tooling,Data preparation / experiment entry points / evaluation / aggregation,4872,92894c2e2497988f451f00f524ec4c497290f3216de1433e49d9795acd5af8a0,include,File inventory only; not a claim of complete validation
scripts/extract_embeddings.py,reproduction tooling,Data preparation / experiment entry points / evaluation / aggregation,3896,ba29eb756c6ec075089c659c575b8e2692e9a581378d550301c0c3e7bccdf41e,include,File inventory only; not a claim of complete validation
scripts/merge_embeddings.py,reproduction tooling,Data preparation / experiment entry points / evaluation / aggregation,2971,fc7aed605c63e04c171ff6f3f58c7e9e64b4cccc9d4de9a092ad36aa6efeed3d,include,File inventory only; not a claim of complete validation
scripts/prepare_features.py,reproduction tooling,Data preparation / experiment entry points / evaluation / aggregation,1822,94c96ebf68f9adc3290e505d2f20c1826cd42a02c9900aec6e25df24618521bb,include,File inventory only; not a claim of complete validation
scripts/prepare_msa.py,reproduction tooling,Data preparation / experiment entry points / evaluation / aggregation,1697,b55f3644228a0f8debfe66505b0b1bed1cc55bf55bec19be3dffd15c17a4fca8,include,File inventory only; not a claim of complete validation
scripts/prepare_sequences.py,reproduction tooling,Data preparation / experiment entry points / evaluation / aggregation,4058,7757e0d42f0065f8d54215e6b5f674b631a23fd16777c222a5f6b073e19c7c84,include,File inventory only; not a claim of complete validation
scripts/reproduce_run.py,reproduction tooling,Data preparation / experiment entry points / evaluation / aggregation,4698,72dc2013f39b4d47cfe283c43534e05a4c0252e643b9bc0db12ee58bb1559439,include,File inventory only; not a claim of complete validation
scripts/select_low_budget.py,reproduction tooling,Data preparation / experiment entry points / evaluation / aggregation,3357,c2aceb78e05630ed28a605e38a86aab5db2052935fd0abc03d9440717e79959e,include,File inventory only; not a claim of complete validation
scripts/unpack_proteingym.py,reproduction tooling,Data preparation / experiment entry points / evaluation / aggregation,2169,7f2f984f95b590e70f0a2902d1d5b6ea597bf9f78249ad1174536809a2b14c64,include,File inventory only; not a claim of complete validation
scripts/unpack_trpb.py,reproduction tooling,Data preparation / experiment entry points / evaluation / aggregation,1065,c5ee77da8be7dfa469662cfb17c1dac6453e125afa8146be3eae6f26f3a8712b,include,File inventory only; not a claim of complete validation
scripts/verify_reap_dependency.py,reproduction tooling,Data preparation / experiment entry points / evaluation / aggregation,679,0a5365ff5fc526b54744f921454a01d33348a73f435ea91342b75bb06f30cf31,include,File inventory only; not a claim of complete validation
scripts/verify_results.py,reproduction tooling,Data preparation / experiment entry points / evaluation / aggregation,14192,291161583e1a05effdf91fc3770d36ae206198cbb811db2eb33d579eaa3ab398,include,File inventory only; not a claim of complete validation
tests/test_alde.py,engineering validation,Protocol and extraction correctness; not scientific performance evidence,1274,cf3c04672d180031bd44fec425593ef864f5ea32500d1b99712fa052bd4c189b,include,File inventory only; not a claim of complete validation
tests/test_baselines.py,engineering validation,Protocol and extraction correctness; not scientific performance evidence,1296,e2954b6c5be956bea2b93ac7f3683fb88a34e1ea854a061552f550d61a766569,include,File inventory only; not a claim of complete validation
tests/test_calibration.py,engineering validation,Protocol and extraction correctness; not scientific performance evidence,314,8cb3866d0f110b0c22f76a29a3a34849a61e8325d07f06ba4dc2392b6ba25f9a,include,File inventory only; not a claim of complete validation
tests/test_controls.py,engineering validation,Protocol and extraction correctness; not scientific performance evidence,1250,554b8ffde0e48a0f74624b6d8b94d413e3936d16d52ae60468b5cdf465eb7866,include,File inventory only; not a claim of complete validation
tests/test_data.py,engineering validation,Protocol and extraction correctness; not scientific performance evidence,2210,46ce1f24f8ad7294835051c529164066555c36df70eed08f7dae3ecf716369ae,include,File inventory only; not a claim of complete validation
tests/test_dca_features.py,engineering validation,Protocol and extraction correctness; not scientific performance evidence,913,587032f6d3c75546d54c772f17f60d409dc3ab8c168d19bba9d487221d2d4108,include,File inventory only; not a claim of complete validation
tests/test_embedding.py,engineering validation,Protocol and extraction correctness; not scientific performance evidence,1435,6eab1032c1c7e5895c4fbd9d374fb8bdce1567559a5dbdc333a8434eebd0c96c,include,File inventory only; not a claim of complete validation
tests/test_evaluation.py,engineering validation,Protocol and extraction correctness; not scientific performance evidence,1278,6cd32ee3dfab55a641b7668a9d486ff60670dab742cf5f7bf89efd33bde37c27,include,File inventory only; not a claim of complete validation
tests/test_low_budget.py,engineering validation,Protocol and extraction correctness; not scientific performance evidence,537,d1c475fc76f46fd4a50de1561b823276710a69406ef2eb4c559937b82486b2e3,include,File inventory only; not a claim of complete validation
tests/test_low_budget_metrics.py,engineering validation,Protocol and extraction correctness; not scientific performance evidence,713,14846720e3de3420d24474fb3701a27d532aa03b7fc56fef14caf0eedb9b6038,include,File inventory only; not a claim of complete validation
tests/test_msa.py,engineering validation,Protocol and extraction correctness; not scientific performance evidence,1175,215f91f91f16fc63f4f191c193110c2340d46a2200b1fdf0337c64329322387b,include,File inventory only; not a claim of complete validation
tests/test_protocol.py,engineering validation,Protocol and extraction correctness; not scientific performance evidence,2886,ba79c5ec8642965f4de7ad37a9a4dc1e8bf855bcd924092c2b042025c40675a0,include,File inventory only; not a claim of complete validation
tests/test_reap_adapter.py,engineering validation,Protocol and extraction correctness; not scientific performance evidence,2694,208b285399665d38924f20b4bd7b5e9b3112aad206a9b3e75aeef1bd32663523,include,File inventory only; not a claim of complete validation
tests/test_variant_results.py,engineering validation,Protocol and extraction correctness; not scientific performance evidence,2280,20efa2d3bf6032d4f1b6be663e8d6dabb004d3d347b17ac8ea76d27b186024fa,include,File inventory only; not a claim of complete validation
