cohort,benchmark,group,method,Final,Query_AUC,source_metrics_sha256
fine_m20_trpb70,TrpB,0,Fine-only-M20,1.0,0.7205887285,121d35ca8a91a6e5396c43cc080dc7477d3539275648712d8ddceb4929f204d5
fine_m20_trpb70,TrpB,0,REAP100-650M,1.0,0.8441413329999999,9dfe69a284362b8fd223e4b73b07f604d101c127fe9ac418a409d7be907e8d21
fine_m20_trpb70,TrpB,1,Fine-only-M20,0.909769373,0.7568292191250001,062c11cb71b8d094db35f2b3d18e1b801dccb7370ad6997878e63c698d5a5c23
fine_m20_trpb70,TrpB,1,REAP100-650M,0.922559227,0.699446014375,b79b95c7e61f9234c634fe3603c8bb8356e1ba2d07b3bdabd8882aaa54672c39
fine_m20_trpb70,TrpB,2,Fine-only-M20,0.922559227,0.7612425416249999,6c6e1d82bd884aaf053f5cc2dfd3ff671cc0c1c1be63df507131ff4e8f7494a5
fine_m20_trpb70,TrpB,2,REAP100-650M,1.0,0.78796255125,1ced785a204cc661bf5629ca7813ec3f0de9257798a24ad0eb45b53fc3a6303b
fine_m20_trpb70,TrpB,3,Fine-only-M20,0.832570233,0.6339478110000001,1932a7012e06e5a9cb0c4b3b43e06d95aea19e2c5fcaa0b698b3779f2a9f808b
fine_m20_trpb70,TrpB,3,REAP100-650M,0.932033526,0.703330640875,6f8d80051eeb2768decd28444f9e591914440ac0f60176a581c1eed1c76e641c
fine_m20_trpb70,TrpB,4,Fine-only-M20,1.0,0.75995809525,9ba765c9b30095d9fb6e610892de93569379cc4896e34aa428bde67e5edee673
fine_m20_trpb70,TrpB,4,REAP100-650M,0.832570233,0.745297766625,b2b9d0326d00643797b63ef95fc17d5c5583e5934dd5a947321fc361f5314021
fine_m20_trpb70,TrpB,5,Fine-only-M20,1.0,0.910145717,332b9f50b6b99e30ed90fc50ff4aaf577c797d245d62f8a8015cbe7b389bf470
fine_m20_trpb70,TrpB,5,REAP100-650M,1.0,0.93270337375,09699f243b0598b676d091a621ad7fff2e0f473589d3c8034d3a67d6973e5a34
fine_m20_trpb70,TrpB,6,Fine-only-M20,0.841000643,0.6236779572500001,a3330b4a7f8c09b7a43a48caec285aa99d7be0b0d0a2b1ca836c6c614837b17e
fine_m20_trpb70,TrpB,6,REAP100-650M,0.922559227,0.67128976125,9c33136aa24c11a82f69cac03613a897af7275acc1e9756e8bf75d4dcc75f650
fine_m20_trpb70,TrpB,7,Fine-only-M20,0.932033526,0.7415839065,39e180580e6d313f8ef73acc6e2c0d7231239a5229bd262764070e80c0ca517b
fine_m20_trpb70,TrpB,7,REAP100-650M,0.752894791,0.695109629375,056f7f7c6412f6ecaa0ee25541bd222740f265f96ef6ec54af20e2fc9cdbd638
fine_m20_trpb70,TrpB,8,Fine-only-M20,0.832570233,0.6554048335,66e20e4b9014bb3e830c6988cc0b1eec01cf3ccc93c95247f6997db77f7917b7
fine_m20_trpb70,TrpB,8,REAP100-650M,1.0,0.6484147248749998,4776de50db7412d87675d90c4977ec5f20ff99fe5328edcb361bb907ab95b462
fine_m20_trpb70,TrpB,9,Fine-only-M20,0.832570233,0.7144391748750001,d15d80ff02c2eb575c19dce2207d30a6a7ab29c9dc2b797c88dde9b83f74c0ef
fine_m20_trpb70,TrpB,9,REAP100-650M,1.0,0.87566523175,4f2121734d5a4efc8e7aed30c8565f75ba227b144d95a746a6f0c8b78abbf318
fine_m20_trpb70,TrpB,10,Fine-only-M20,1.0,0.826682548875,9940569b221a1651796ad2239f6fd8cb15063f457dcc18455563f6baccbaa4e1
fine_m20_trpb70,TrpB,10,REAP100-650M,1.0,0.866332461375,952d86c43934852788f78426bf29ea4914bd445a0ee646fc43c32c5255dc4f9c
fine_m20_trpb70,TrpB,11,Fine-only-M20,0.922559227,0.7719558972499999,6eff97146012db84c5b48f483eb09c1ee3f894b014a7879b290fe64a63cb2ae7
fine_m20_trpb70,TrpB,11,REAP100-650M,1.0,0.828136030875,d8a8bd199b9fe554a5dec74b72e32fbd2a6a8089113a94aee679e1dfa28cbdfd
fine_m20_trpb70,TrpB,12,Fine-only-M20,1.0,0.8988897197500001,9b90d8d9a7f8896281401f5f53da2732f00a2b6ac633d2218a92fed9c1ff41fe
fine_m20_trpb70,TrpB,12,REAP100-650M,1.0,0.8334646815000001,8854d7e6b9a7a01a4a314bd629669097c07355a7d30aebb9dad444f94d6f93a8
fine_m20_trpb70,TrpB,13,Fine-only-M20,1.0,0.70033306625,ef04d66f596449b4c630b2ffa10bff7ce74351760eeb26ac72923013aec33ead
fine_m20_trpb70,TrpB,13,REAP100-650M,0.922559227,0.679311709875,d204a7f8a7684cd81ccfb0c01ba07c6ca0014d1c77862900e439982fadcf9243
fine_m20_trpb70,TrpB,14,Fine-only-M20,1.0,0.8952475354999999,f38ed5dec2316ec17503654c822b4937c1a8fee2272a8b2a833d60d00afdb5bc
fine_m20_trpb70,TrpB,14,REAP100-650M,1.0,0.91397008325,d2bbf4ace596569e3ae7afbe66c3b867396111af1b3d1797030f879f93807915
fine_m20_trpb70,TrpB,15,Fine-only-M20,1.0,0.7558767902500001,7ab6c71e59486e1de5b4810b88674165c8b5aa3468c1244f2de9305f79e3f944
fine_m20_trpb70,TrpB,15,REAP100-650M,1.0,0.7625290845,888b4d821d0002b71ef25285bd3c13796578a015b2fe782a7596931eb4421ce9
fine_m20_trpb70,TrpB,16,Fine-only-M20,1.0,0.9090144142500001,4aafccadd1a5905ab3b6b525d6483f72ddbf80cc8381a6302e96468f637186e0
fine_m20_trpb70,TrpB,16,REAP100-650M,1.0,0.9328589947499999,fbc0e9636611069ca1af6fa1ab3d1cee2b92a6f9932d5c2f66e291b8f733ad29
fine_m20_trpb70,TrpB,17,Fine-only-M20,0.909769373,0.6981593322500002,81129458beef78d0ab5e41ad8ec663ed9b8cf8683fc41cd6043a710c8f917662
fine_m20_trpb70,TrpB,17,REAP100-650M,0.832570233,0.6447960407500001,35940860f04f60b90778ac49fb767e9d730ff4ce1a95fbe88a9cd6c3590524e4
fine_m20_trpb70,TrpB,18,Fine-only-M20,0.88246645,0.6707356787500001,7e51933b3923c541239622e32fe5cbd1efddff5d6b6c0ea6b9f161b0e9a54647
fine_m20_trpb70,TrpB,18,REAP100-650M,0.922559227,0.675805400625,58258ff70c53326f71c148e7677478254e3617c7e21f2bf268eb588308738d60
fine_m20_trpb70,TrpB,19,Fine-only-M20,0.909769373,0.69126765325,f0747dbf7da28bb961b9869e84e1c229cb422348118607e388d6e4ff7d9600e9
fine_m20_trpb70,TrpB,19,REAP100-650M,1.0,0.833466668625,6d906a194b5e9cd74704aa7fce8ebd43f401dd29a6e9b62183bf2165e9dd408e
fine_m20_trpb70,TrpB,20,Fine-only-M20,1.0,0.8514898176250001,e17f4f0360dfc5da876f7f7fae8779374dcef19d23ca692e0ba70b53e1d7844c
fine_m20_trpb70,TrpB,20,REAP100-650M,0.922559227,0.7178960999999999,725a83feb2e0dbbd94ea01e0d9f1f678005f8d1a24ca07f9abc7a3a1849f819b
fine_m20_trpb70,TrpB,21,Fine-only-M20,0.932033526,0.76769592825,c5b013be24de0a640b74adc578d320d176508ca77b036d456f9b32124e66ce46
fine_m20_trpb70,TrpB,21,REAP100-650M,0.922559227,0.6694632253749999,1626a5a55efe1dff8ffbc293ecd591be8fd255589d95c62ef0bc191970e243fe
fine_m20_trpb70,TrpB,22,Fine-only-M20,1.0,0.8177426727500001,9897b05fbe45fa57b0bcf6116c6abb033ade238f87c49ca7b49220758ba4f337
fine_m20_trpb70,TrpB,22,REAP100-650M,1.0,0.8387572915,10469ed02b09ed5ef9a0f5d40fb3c54da6e899374af11edc3dd7c547133b18b3
fine_m20_trpb70,TrpB,23,Fine-only-M20,1.0,0.881089168125,6321d79a39a06d49bbef0c465369b639f93dd9ff82cd943d7ef43354c1f17119
fine_m20_trpb70,TrpB,23,REAP100-650M,1.0,0.925039105625,18c8f6b0bc781937bd4d63ecdef32676d81448b992a0890bbb8fd898b4e77c0a
fine_m20_trpb70,TrpB,24,Fine-only-M20,0.932033526,0.70797766175,f23dfd314bf8e59d1069037253c6a0718964d570307eb1da61badefa13cd61dd
fine_m20_trpb70,TrpB,24,REAP100-650M,0.752894791,0.6490281678750001,701386f58c12f89123b1def7e8ad6e47db34e4c9e8df0a173a9ca13c82d3ba19
fine_m20_trpb70,TrpB,25,Fine-only-M20,1.0,0.8877532878750001,08d61c462b921ca7a6e86292e235b0d915cf14ff3751a95f9b960457288ec91b
fine_m20_trpb70,TrpB,25,REAP100-650M,1.0,0.944294181625,5bd6d44bddb6a309fa847eb091f5db6635a1cf28678df5202df1943eab0f56cb
fine_m20_trpb70,TrpB,26,Fine-only-M20,1.0,0.75100107925,0a2b8b5a6af71d7095f4d960b190e1482cfcc7b513bfd82dd4f9bfc797631910
fine_m20_trpb70,TrpB,26,REAP100-650M,0.932033526,0.6596051285,028d6b5572f45f7c7a256e6370e04c8ee7e7f53a96b449990414c0a03ce8776e
fine_m20_trpb70,TrpB,27,Fine-only-M20,0.922559227,0.639433845125,92cec0b53f682041d20636b6b433efb2ba34471f514363d6a46f5377cfc65b57
fine_m20_trpb70,TrpB,27,REAP100-650M,0.732172556,0.5551352399999999,94d21d8c3cfe1a0bc74d697efd8a09fe68d50c64be7ed7e5ef4a07118cd1cb5a
fine_m20_trpb70,TrpB,28,Fine-only-M20,0.932033526,0.792625596,17953858f83b4f8884ff8697b8538f3725f9fc9877afc36bb4c8a4ad8c538c83
fine_m20_trpb70,TrpB,28,REAP100-650M,1.0,0.8399561325000001,0e56bfd5e48a0ea25dd355882dc5f6a57f18fba662159a8adf2ed87ee08df65b
fine_m20_trpb70,TrpB,29,Fine-only-M20,0.932033526,0.7445560915,24d3477ce8f3b1682fa415c698d2aa63bd10e5b31add0237ec5b5877c38e40c7
fine_m20_trpb70,TrpB,29,REAP100-650M,0.895147379,0.705487975375,73f40c342cc010ecada57b4c2071ff771edd1edd18a2c37ca1f479cf59452f06
fine_m20_trpb70,TrpB,30,Fine-only-M20,0.922559227,0.821852916875,e27fa30e5767e84f204422e605091a16aec4e92cd355932f28bc966a9e2834c8
fine_m20_trpb70,TrpB,30,REAP100-650M,1.0,0.80304407625,0c2386505e9143e0502275ec0b9eddf1f2a34c0c44f0ed49691dce8269531a82
fine_m20_trpb70,TrpB,31,Fine-only-M20,1.0,0.930341244,796e47d4e7bc12e97eb3dc1d984a2dc62c01cd74cb8c1c00ca4a794b19e11033
fine_m20_trpb70,TrpB,31,REAP100-650M,0.752894791,0.712435995375,94d5b129a759fdf6e6a6266be68eeaf39b44bc6be9b5cd6030c3e951434f0bac
fine_m20_trpb70,TrpB,32,Fine-only-M20,0.800478399,0.7155758373750001,77008fe6dfe81a7960ac858c21d3884b9def9a9b880acb3dda361577ee7d27a4
fine_m20_trpb70,TrpB,32,REAP100-650M,0.752894791,0.712186232875,ae55703aaf998710dfd9e293e92a89ad071ff8619f407fcf1330dc0a5e6b8426
fine_m20_trpb70,TrpB,33,Fine-only-M20,0.922559227,0.70253247775,9f5449c6b1d064cd1088664136dc164e0467b2fed80f1831f62cdc144a9b40a8
fine_m20_trpb70,TrpB,33,REAP100-650M,1.0,0.760432727375,c6c8af67d66572ee1488f6d9a0bfffd0febc89de0e689769b0b577a419d53b8e
fine_m20_trpb70,TrpB,34,Fine-only-M20,1.0,0.9405293352499999,11cf7ec0547489986d33198d457a9900a3f8756b11da4321ccc5cfa65abfa28a
fine_m20_trpb70,TrpB,34,REAP100-650M,1.0,0.97451257225,b6a995d7f2f57bd2a0e1dbb4fd743af7de219c2490029b54daa3aeb5ecd5cf0e
fine_m20_trpb70,TrpB,35,Fine-only-M20,1.0,0.917535293,58f84bbb9bf0259a54ec99a05719e986c77e03888ab2108cf6922244439bcad9
fine_m20_trpb70,TrpB,35,REAP100-650M,1.0,0.8943197425,6a7c11b392c7a6be125dc8fdfde7682bf326f556968f0bbf1c9c9afb0342a83e
fine_m20_trpb70,TrpB,36,Fine-only-M20,1.0,0.867475302125,c4d134044f9bbad06919b3499f2db77af19aaa9aa62e23333593649a59fcde14
fine_m20_trpb70,TrpB,36,REAP100-650M,1.0,0.846448010625,d541cf6cc853aa42c1e0ce270e83972d4e26133238d6dde088c9f7da55fd9a49
fine_m20_trpb70,TrpB,37,Fine-only-M20,0.922559227,0.751601909125,61b3eb5120b48ffd7180e5cf5a7100143b4243e48ce7bc89cc0b0185dd417980
fine_m20_trpb70,TrpB,37,REAP100-650M,0.922559227,0.6706521528749999,3e632aecd2a4f5331a0f0303fdf2fc185a9045834375b128fea18694ef17969a
fine_m20_trpb70,TrpB,38,Fine-only-M20,1.0,0.804079314625,bc5a74873d130b2776bc6d30a56bfb8fc4c2292b7091256effced3790e183e23
fine_m20_trpb70,TrpB,38,REAP100-650M,1.0,0.8633236146250001,7ab2c03d37d0058261cced7aed4830df1a51190e40cd9a6a824491a8ced1c457
fine_m20_trpb70,TrpB,39,Fine-only-M20,1.0,0.869365225875,e1469808248b689a7730dab4bd546239c59f4bc891f04b9d20f9715126ef60ef
fine_m20_trpb70,TrpB,39,REAP100-650M,1.0,0.895578381125,4b0cf4d5d0ad96ea50ff9156bf85ef3c2cf4d93af9beca8fc6df31179200947a
fine_m20_trpb70,TrpB,40,Fine-only-M20,0.922559227,0.7479368215000001,d0ff971e94c8008ee92955f995ac5dbea39abc6205214d8925bf1ba6293a5ee2
fine_m20_trpb70,TrpB,40,REAP100-650M,1.0,0.769118024125,8a644a98917f89565f20f10570d372b1a02ad1951954fa448a0d1b65f5139b7a
fine_m20_trpb70,TrpB,41,Fine-only-M20,0.832570233,0.609197213,5a1ee852d594c916556272423ad1470cf41598a18981ddb17f1b0efcef14d559
fine_m20_trpb70,TrpB,41,REAP100-650M,0.752894791,0.6338205215,64e17a4e848116cc68888cea16e34eee4807b327ea661901998fd7bc7661bdc6
fine_m20_trpb70,TrpB,42,Fine-only-M20,1.0,0.7902510075,c985e171bfe16d18aa6881f6a9da4b557f6a27ab975d4695015495a9ed8d23c2
fine_m20_trpb70,TrpB,42,REAP100-650M,1.0,0.8106174405,55d22c57cdb67c60fcf71aba6de00680a9f1e720731e28a75daf7906e9afbfd1
fine_m20_trpb70,TrpB,43,Fine-only-M20,0.909769373,0.767191822,603aaf34a621e04340c510ef9f3b5575b29db092b21769ce5c4fb2b9fdaaa576
fine_m20_trpb70,TrpB,43,REAP100-650M,0.752894791,0.7390366902500001,3737809e0930aa6884cf4f7febc3360b20dd63dbfd7967bb55c4fa280e2d8a35
fine_m20_trpb70,TrpB,44,Fine-only-M20,1.0,0.862135890375,79d7555bbd18934ec19c1ab1b05d8dd97de5f0aafeb1d6a602244beac0a2c992
fine_m20_trpb70,TrpB,44,REAP100-650M,1.0,0.884693547125,f58dc06c8b2048aa3c28b0bd43313dc995caf9a0fa75d4367506ad19b462d7c9
fine_m20_trpb70,TrpB,45,Fine-only-M20,0.752894791,0.617566765625,bc43ffdccfdd208f5d1cb78ac62b98599d45d759ef15af7e768c93b5fddedcf3
fine_m20_trpb70,TrpB,45,REAP100-650M,0.800478399,0.608816406375,4a25525e52edb4378b124684c88c22974c76d840b86ef02eb1297c1150be7832
fine_m20_trpb70,TrpB,46,Fine-only-M20,1.0,0.737036136,aaf2c3bc7e7928896cda34d1f3d3cc72218219b8f1141762b90fceb29b44ce3d
fine_m20_trpb70,TrpB,46,REAP100-650M,0.922559227,0.735978884625,5ca4d562a6c929753958eb5c0c241644a0454097857f0f1f5419cda0170d5739
fine_m20_trpb70,TrpB,47,Fine-only-M20,0.932033526,0.8524462536249999,26af10ce3edecac7832aa949e1e8b7e1993371a7c74265901224de75bffae100
fine_m20_trpb70,TrpB,47,REAP100-650M,1.0,0.938581733625,68b332c329342547dd0b1af54e78b528de549f7743dc14e69ad190944f0d5cfc
fine_m20_trpb70,TrpB,48,Fine-only-M20,1.0,0.8142448276250001,382fddc3f4b72843a7a773d60c42596cf85acac69cf802ca5a2a5b29e2bfeb3b
fine_m20_trpb70,TrpB,48,REAP100-650M,1.0,0.8601875513749999,6efe87274f4a7e24dea02ae03d557b98f91b3db52e495745f3a5132b8ef0b880
fine_m20_trpb70,TrpB,49,Fine-only-M20,1.0,0.88501093575,de670d1aa295780b7fe2808a6e8491c9d8122a4adcba83e0a09b340c2487a593
fine_m20_trpb70,TrpB,49,REAP100-650M,1.0,0.94009294975,16c7d247ad169247bed55c03710223a5a5436f502f8ce703aa2c3c2a77132660
fine_m20_trpb70,TrpB,50,Fine-only-M20,0.932033526,0.7855780606249999,c69d7628a9323a303a1eb91761beb19ecf76ff6b120d2534f930986deda1b287
fine_m20_trpb70,TrpB,50,REAP100-650M,1.0,0.877632586625,df70bd0072990e0a9e53a7d2bdc0a8a8f94c91523a699222f415841a1632b924
fine_m20_trpb70,TrpB,51,Fine-only-M20,0.932033526,0.7512275575,bbc572902a18fe6a1f53e8a391a12468bc03b38e156e0ee5102f7115de91b989
fine_m20_trpb70,TrpB,51,REAP100-650M,1.0,0.8070725952500001,280e570a237edd6132cd5825075f8dabb6e17e6c8db2a77368ff2ea759273564
fine_m20_trpb70,TrpB,52,Fine-only-M20,0.800478399,0.629369778875,22e247378cf7d200de79c9927a2740e5893af50951d8ff97ddb0ad3cc1cc9289
fine_m20_trpb70,TrpB,52,REAP100-650M,0.752894791,0.647982293375,8dc8e24bc77087d99a3bd6ccecca250ecbe15033d26641be4bf81e7b4863e885
fine_m20_trpb70,TrpB,53,Fine-only-M20,1.0,0.8135257155000001,daac09e9a5e4930a88ba84baf2ab3b3778eda2d8e0520aab0d8b141a2902b113
fine_m20_trpb70,TrpB,53,REAP100-650M,1.0,0.8001891950000001,09bd5446f839c5b8bb6635679fb7b54e6c41e29d03dd1aad4e31d3fe2a2877eb
fine_m20_trpb70,TrpB,54,Fine-only-M20,1.0,0.8184153205000001,0cbe221654a5ca95838bc9fb97aa051c854bc9ed7edcee302a09d0150b509f49
fine_m20_trpb70,TrpB,54,REAP100-650M,1.0,0.75398756425,042bbf169326608b4eee1a76be0e8de760c750ab45280bbdc4899a96974e81f2
fine_m20_trpb70,TrpB,55,Fine-only-M20,1.0,0.906585002625,e62492105115f1d071b3cdf9325de64ac20e11b61bd3263eb4220acb5490c65b
fine_m20_trpb70,TrpB,55,REAP100-650M,1.0,0.908953577375,c6c8967f38d2881725adb42d24d919280581547e7404d4d4e09bf8e9af0fb7cd
fine_m20_trpb70,TrpB,56,Fine-only-M20,1.0,0.812601294875,7e7dc5d4f82f098d899466a127af8574135439d6e9d6126f218c9e7ce4c4ecb8
fine_m20_trpb70,TrpB,56,REAP100-650M,1.0,0.785642975875,2d62db2f8ad5252f16f36191040241ac19f10a0f486ab18438f2c2837fac1d2b
fine_m20_trpb70,TrpB,57,Fine-only-M20,0.800478399,0.6495289823750001,16a048303968e028425d629f47fc30b8c157ce51905a7ff73028a3d85b453490
fine_m20_trpb70,TrpB,57,REAP100-650M,0.752894791,0.618926926125,970a560db329e43c6d99264396f745f75e8e9124394c6d558abedbeb840fc2e4
fine_m20_trpb70,TrpB,58,Fine-only-M20,0.932033526,0.7404418316250001,329456025d82f0228f27d54b6b269672ddae63406e2ed7ebeddbec59b8fdf0df
fine_m20_trpb70,TrpB,58,REAP100-650M,0.752894791,0.68865424175,c928906ab563e8eb72600cb710a8927b5308536fd5bb54a5e3dac3e2ea6e0e2b
fine_m20_trpb70,TrpB,59,Fine-only-M20,0.932033526,0.6356212545,a99191b41c11e50727801fdf528fa8e222c7c49876a53b8097f686770588f1f1
fine_m20_trpb70,TrpB,59,REAP100-650M,1.0,0.73726886875,49e731dec4d70845d44bc31957cbd79b61672f74d044102cf929dbb59f2f21b1
fine_m20_trpb70,TrpB,60,Fine-only-M20,0.800478399,0.6039944355,e9bc91070d746fb537eadd00cd3485e8b2345d8529b53db69a249130aa8a40d9
fine_m20_trpb70,TrpB,60,REAP100-650M,0.752894791,0.63569859775,7e82ab832f26ea17736515d8339230766277692a31624207dd2d92eb81858810
fine_m20_trpb70,TrpB,61,Fine-only-M20,0.922559227,0.752883098,28e1b252569d3f365aec77705baf80784fd0111b96041e9b9eedf539417e2f5f
fine_m20_trpb70,TrpB,61,REAP100-650M,1.0,0.729076213125,1eec1ca36d238ee84eb37845eb8bd92a9c36303cb343e4be50f0505b711bf4fd
fine_m20_trpb70,TrpB,62,Fine-only-M20,1.0,0.848008818375,46d444f8617af671ec1c591806436b424068ff3b34bcc8b19c7cffc33c24a254
fine_m20_trpb70,TrpB,62,REAP100-650M,1.0,0.827880144625,255ccbd9681fc9c2757acf364af7ab8d94492f4e218b63cc9a510cde6fd97360
fine_m20_trpb70,TrpB,63,Fine-only-M20,0.895147379,0.790538084375,dcd44f8896bc12107f4cdd191f35d3a81574aa3f622f12acb7286a9716f836b2
fine_m20_trpb70,TrpB,63,REAP100-650M,0.922559227,0.7542451131249999,22ef7b401036acaff210fddd77a1b1e55ca40c03bc994368d75885217d46f326
fine_m20_trpb70,TrpB,64,Fine-only-M20,0.932033526,0.869474098,b1a378ce4a34fcc857f2339197cf23562746172fe7efd0b3c50640c2ab9dcbf5
fine_m20_trpb70,TrpB,64,REAP100-650M,0.932033526,0.743533632,4bee5a1b488299dc034993ba8b06615284d39f5ca48f4a8ad5d33914beb5e70d
fine_m20_trpb70,TrpB,65,Fine-only-M20,1.0,0.8679248028750001,1cecb7dc2865af32e26d2b445622e3343a14baf7a8bc4c8bf79166188ca952d9
fine_m20_trpb70,TrpB,65,REAP100-650M,1.0,0.884916421375,1c6c9ce40b21ed71ccc250f9a45fa95efdcefcfa538ee21c9f54b5a6bc6bece4
fine_m20_trpb70,TrpB,66,Fine-only-M20,0.932033526,0.830334069,15ca05ea22d2b8ce8a0c17a87bcc413b38e5a29ece0c0b0ac79d71d2778427b4
fine_m20_trpb70,TrpB,66,REAP100-650M,0.800478399,0.746267317625,c3ade891b5676e4422748ea286e39c534c5bcd98b83bc0031a1a3d8154c70be9
fine_m20_trpb70,TrpB,67,Fine-only-M20,1.0,0.8056768546249999,3ccdb743fff07172b1bf0f8142aab7f317d5d8fa6d8ea52aaf143723aa671ad7
fine_m20_trpb70,TrpB,67,REAP100-650M,1.0,0.751964355375,f1c09e0aa68db9c0d8ffdb9d80e25030a498296a374262a05e2c324f495fa7f8
fine_m20_trpb70,TrpB,68,Fine-only-M20,0.922559227,0.767966693375,099cec460c653c9ac1f43894883352a4c8ecd7179e5a52e11f619c3f8cf4350a
fine_m20_trpb70,TrpB,68,REAP100-650M,0.922559227,0.745810559125,d58e97789c709ca50259a2a606aeb0a765fb3b80fa909329321da00f69728024
fine_m20_trpb70,TrpB,69,Fine-only-M20,0.922559227,0.828270572375,55c6bb7d9029decbbf86a5a658b7c9d1a659ec7e6fbc0175dd8f77cf1dd9d0e1
fine_m20_trpb70,TrpB,69,REAP100-650M,1.0,0.86416382425,7e5961b76824b68c2f97b7b76991b9538fccf1746562abbf8ef609b7c333e556
