benchmark,arm,group,Final,Query_AUC
GB1,c21_global_mse,0,0.8345908537078612,0.6547274421603827
GB1,c22_equal_rank,0,0.8345908537078612,0.6813452460763675
GB1,evolution_only,0,0.5882232195775227,0.5210980184279097
GB1,c21_global_mse,1,0.8345908537078612,0.6141767240396497
GB1,c22_equal_rank,1,0.8345908537078612,0.6188131491975344
GB1,evolution_only,1,0.7352767757755749,0.5958166802074943
GB1,c21_global_mse,2,1.0,0.7280526527750864
GB1,c22_equal_rank,2,0.825004381071726,0.5870085096690545
GB1,evolution_only,2,0.7352767757755749,0.6063495423668892
GB1,c21_global_mse,3,1.0,0.8529443179233799
GB1,c22_equal_rank,3,0.8345908537078612,0.6584705236260744
GB1,evolution_only,3,0.7352767757755749,0.5884021106290902
GB1,c21_global_mse,4,0.8345908537078612,0.6312753945471526
GB1,c22_equal_rank,4,0.825004381071726,0.6337496422617798
GB1,evolution_only,4,0.7352767757755749,0.5904665430247608
GB1,c21_global_mse,5,0.8345908537078612,0.7839757074996232
GB1,c22_equal_rank,5,0.8345908537078612,0.771572458871779
GB1,evolution_only,5,0.7352767757755749,0.7094791379367169
GB1,c21_global_mse,6,0.8311300290264457,0.7096076697404485
GB1,c22_equal_rank,6,0.9181903148057718,0.6929616216130943
GB1,evolution_only,6,0.7352767757755749,0.48281124603908177
GB1,c21_global_mse,7,0.6209353905963313,0.5461407057071899
GB1,c22_equal_rank,7,0.6587599672965438,0.5617481774057755
GB1,evolution_only,7,0.569668643083757,0.49849741046793716
GB1,c21_global_mse,8,1.0,0.6179529215618739
GB1,c22_equal_rank,8,0.825004381071726,0.6380387385787992
GB1,evolution_only,8,0.7352767757755749,0.5827711734556245
GB1,c21_global_mse,9,0.6587599672965438,0.5621487690524224
GB1,c22_equal_rank,9,0.7352767757755749,0.625074263330347
GB1,evolution_only,9,0.5792421057396576,0.5176378310321467
GB1,c21_global_mse,10,0.6587599672965438,0.6177602711691114
GB1,c22_equal_rank,10,0.687915107481905,0.5615720774231256
GB1,evolution_only,10,0.6895801554372128,0.5839135640895282
GB1,c21_global_mse,11,1.0,0.7527625815456632
GB1,c22_equal_rank,11,0.825004381071726,0.6470056182676278
GB1,evolution_only,11,0.7077333663997645,0.596097319361029
GB1,c21_global_mse,12,0.8622110018003477,0.7463165173755391
GB1,c22_equal_rank,12,0.8345908537078612,0.7056322307530625
GB1,evolution_only,12,0.8345908537078612,0.693206959897835
GB1,c21_global_mse,13,0.8345908537078612,0.7017586907755623
GB1,c22_equal_rank,13,0.8345908537078612,0.7017586907755623
GB1,evolution_only,13,0.7352767757755749,0.6185483207085742
GB1,c21_global_mse,14,0.8345908537078612,0.630849972299298
GB1,c22_equal_rank,14,0.8345908537078612,0.6571600973101327
GB1,evolution_only,14,0.7352767757755749,0.5328429732462991
GB1,c21_global_mse,15,0.8345908537078612,0.7566897793744332
GB1,c22_equal_rank,15,0.8345908537078612,0.7066382255944099
GB1,evolution_only,15,0.7352767757755749,0.6946184806667541
GB1,c21_global_mse,16,0.6587599672965438,0.5023321012004889
GB1,c22_equal_rank,16,0.7352767757755749,0.48519965605135673
GB1,evolution_only,16,0.5792421057396576,0.496129231732177
GB1,c21_global_mse,17,0.8345908537078612,0.6513445947019814
GB1,c22_equal_rank,17,0.8345908537078612,0.7269688537455277
GB1,evolution_only,17,0.7352767757755749,0.548040430141581
GB1,c21_global_mse,18,0.8622110018003477,0.6411183322949103
GB1,c22_equal_rank,18,0.825004381071726,0.6292803422311201
GB1,evolution_only,18,0.7352767757755749,0.5801553068339258
GB1,c21_global_mse,19,0.8345908537078612,0.7798954186519355
GB1,c22_equal_rank,19,0.8345908537078612,0.7381668915035063
GB1,evolution_only,19,0.7352767757755749,0.6106262904986672
GB1,c21_global_mse,20,0.8345908537078612,0.7018261375989352
GB1,c22_equal_rank,20,0.8345908537078612,0.7385895266484483
GB1,evolution_only,20,0.7352767757755749,0.6397548388912564
GB1,c21_global_mse,21,1.0,0.7204159630610404
GB1,c22_equal_rank,21,0.825004381071726,0.7438457048775267
GB1,evolution_only,21,0.7352767757755749,0.6285706611938815
GB1,c21_global_mse,22,1.0,0.7400676879148225
GB1,c22_equal_rank,22,1.0,0.7172022195238562
GB1,evolution_only,22,0.7077333663997645,0.5574848263391778
GB1,c21_global_mse,23,0.8345908537078612,0.7456148827776232
GB1,c22_equal_rank,23,0.8345908537078612,0.6948191432171484
GB1,evolution_only,23,0.7352767757755749,0.6835435840699442
PABP,c21_global_mse,0,2.868778599,1.9999007975
PABP,c22_equal_rank,0,1.974613841,1.94748674875
PABP,evolution_only,0,2.627942865,2.30156320425
PABP,c21_global_mse,1,2.868778599,2.6644222048749997
PABP,c22_equal_rank,1,2.868778599,2.6644222048749997
PABP,evolution_only,1,1.815219561,1.7425580466249997
PABP,c21_global_mse,2,2.868778599,2.003126246375
PABP,c22_equal_rank,2,2.868778599,1.823393759125
PABP,evolution_only,2,1.598073364,1.52489621725
PABP,c21_global_mse,3,2.627942865,2.080734099
PABP,c22_equal_rank,3,1.827467137,1.6928805997499998
PABP,evolution_only,3,2.627942865,1.9680840334999998
PABP,c21_global_mse,4,2.868778599,2.166812832625
PABP,c22_equal_rank,4,1.822900012,1.7746083625000002
PABP,evolution_only,4,1.815219561,1.578561595375
PABP,c21_global_mse,5,2.0996727180000003,1.924448593875
PABP,c22_equal_rank,5,1.786856756,1.727681629625
PABP,evolution_only,5,1.629056419,1.6290564189999999
PABP,c21_global_mse,6,2.868778599,2.14346314825
PABP,c22_equal_rank,6,2.868778599,1.8819935015
PABP,evolution_only,6,1.913074385,1.83208136725
PABP,c21_global_mse,7,2.081572091,1.8442563407500001
PABP,c22_equal_rank,7,1.806536913,1.7169647852500003
PABP,evolution_only,7,1.83748788,1.768516786375
PABP,c21_global_mse,8,2.627942865,2.0293541427500004
PABP,c22_equal_rank,8,2.627942865,1.95931697525
PABP,evolution_only,8,1.635415489,1.44357065225
PABP,c21_global_mse,9,2.868778599,1.8713352785
PABP,c22_equal_rank,9,1.822900012,1.7386803423750001
PABP,evolution_only,9,1.792141275,1.7685529315000001
PABP,c21_global_mse,10,2.868778599,1.8786451591250002
PABP,c22_equal_rank,10,1.822900012,1.74432768675
PABP,evolution_only,10,1.913074385,1.679896545625
PABP,c21_global_mse,11,2.081572091,1.849430106375
PABP,c22_equal_rank,11,2.868778599,1.830264651375
PABP,evolution_only,11,1.913074385,1.733994740125
PABP,c21_global_mse,12,2.128194918,1.9447428741250001
PABP,c22_equal_rank,12,2.128194918,2.035474427625
PABP,evolution_only,12,2.627942865,2.2408339372499997
PABP,c21_global_mse,13,2.868778599,2.414888409625
PABP,c22_equal_rank,13,2.868778599,2.685154000625
PABP,evolution_only,13,1.821032765,1.768376395875
PABP,c21_global_mse,14,2.627942865,2.30134182425
PABP,c22_equal_rank,14,2.627942865,2.1345814192500003
PABP,evolution_only,14,2.308485747,2.188577251
PABP,c21_global_mse,15,2.308485747,2.1693494745
PABP,c22_equal_rank,15,2.308485747,2.1693494745
PABP,evolution_only,15,1.877102047,1.7918887369999998
PABP,c21_global_mse,16,2.0996727180000003,1.9339579812500003
PABP,c22_equal_rank,16,2.627942865,2.264126823125
PABP,evolution_only,16,1.974613841,1.910050367625
PABP,c21_global_mse,17,2.868778599,1.66228515075
PABP,c22_equal_rank,17,1.806536913,1.7502202087499998
PABP,evolution_only,17,1.821032765,1.648277407
PABP,c21_global_mse,18,2.868778599,2.000794916375
PABP,c22_equal_rank,18,2.868778599,1.9747364278750001
PABP,evolution_only,18,1.964409118,1.8616902427500002
PABP,c21_global_mse,19,2.868778599,2.35698746425
PABP,c22_equal_rank,19,1.822900012,1.5532201668749999
PABP,evolution_only,19,1.697572916,1.5782672251249998
PABP,c21_global_mse,20,2.868778599,2.3982965849999998
PABP,c22_equal_rank,20,1.964409118,1.691247348375
PABP,evolution_only,20,1.821032765,1.79517365625
PABP,c21_global_mse,21,2.868778599,1.89337817425
PABP,c22_equal_rank,21,1.83748788,1.7644668343749998
PABP,evolution_only,21,1.913074385,1.7565133185
PABP,c21_global_mse,22,2.868778599,2.289765079375
PABP,c22_equal_rank,22,2.868778599,1.934893445875
PABP,evolution_only,22,1.771550716,1.5513133580000003
PABP,c21_global_mse,23,2.868778599,2.420331442375
PABP,c22_equal_rank,23,1.822900012,1.6838665039999998
PABP,evolution_only,23,1.83748788,1.7753079312500002
TrpB,c21_global_mse,0,0.922559227,0.85902496175
TrpB,c22_equal_rank,0,0.922559227,0.862780393
TrpB,evolution_only,0,0.922559227,0.875901118
TrpB,c21_global_mse,1,1.0,0.78673090375
TrpB,c22_equal_rank,1,0.922559227,0.769421109375
TrpB,evolution_only,1,0.895147379,0.7511276111249999
TrpB,c21_global_mse,2,1.0,0.80201321275
TrpB,c22_equal_rank,2,0.895147379,0.732012749875
TrpB,evolution_only,2,0.922559227,0.8182393751249999
TrpB,c21_global_mse,3,0.800478399,0.743319506375
TrpB,c22_equal_rank,3,0.800478399,0.7199956096250001
TrpB,evolution_only,3,0.922559227,0.7741114453750001
TrpB,c21_global_mse,4,0.73943435,0.6707033944999999
TrpB,c22_equal_rank,4,0.88246645,0.7502263289999999
TrpB,evolution_only,4,0.832570233,0.6932573843750001
TrpB,c21_global_mse,5,1.0,0.889984151625
TrpB,c22_equal_rank,5,0.922559227,0.86422955625
TrpB,evolution_only,5,0.895147379,0.86080307525
TrpB,c21_global_mse,6,0.932033526,0.760691108
TrpB,c22_equal_rank,6,0.932033526,0.7710926204999999
TrpB,evolution_only,6,0.922559227,0.791226293625
TrpB,c21_global_mse,7,0.895147379,0.66398942525
TrpB,c22_equal_rank,7,0.895147379,0.68624379375
TrpB,evolution_only,7,0.895147379,0.727566978
TrpB,c21_global_mse,8,0.932033526,0.692345189
TrpB,c22_equal_rank,8,0.932033526,0.6810017665
TrpB,evolution_only,8,0.832570233,0.6920803148750001
TrpB,c21_global_mse,9,0.922559227,0.677637289375
TrpB,c22_equal_rank,9,0.922559227,0.761034878125
TrpB,evolution_only,9,0.895147379,0.7694698651249999
TrpB,c21_global_mse,10,0.909769373,0.6796484136250001
TrpB,c22_equal_rank,10,0.895147379,0.751014493875
TrpB,evolution_only,10,0.895147379,0.769823410375
TrpB,c21_global_mse,11,0.922559227,0.76233797325
TrpB,c22_equal_rank,11,0.845869121,0.74870181575
TrpB,evolution_only,11,0.895147379,0.8237518512500001
TrpB,c21_global_mse,12,0.922559227,0.819911898375
TrpB,c22_equal_rank,12,0.932033526,0.8356300105
TrpB,evolution_only,12,0.922559227,0.8546746333749999
TrpB,c21_global_mse,13,0.932033526,0.70108982
TrpB,c22_equal_rank,13,0.932033526,0.6975974519999999
TrpB,evolution_only,13,0.832570233,0.690698673625
TrpB,c21_global_mse,14,1.0,0.79148395625
TrpB,c22_equal_rank,14,0.922559227,0.8063345458750001
TrpB,evolution_only,14,0.922559227,0.8139784921250001
TrpB,c21_global_mse,15,0.932033526,0.779417694125
TrpB,c22_equal_rank,15,0.932033526,0.7770491193749999
TrpB,evolution_only,15,0.794515883,0.71330758025
TrpB,c21_global_mse,16,0.752894791,0.674596322875
TrpB,c22_equal_rank,16,0.922559227,0.754557083375
TrpB,evolution_only,16,0.832570233,0.782164452625
TrpB,c21_global_mse,17,0.932033526,0.7929404215
TrpB,c22_equal_rank,17,0.895147379,0.820211794875
TrpB,evolution_only,17,0.895147379,0.804567508375
TrpB,c21_global_mse,18,0.752894791,0.713296299
TrpB,c22_equal_rank,18,0.916559381,0.7458478365
TrpB,evolution_only,18,0.88246645,0.7984687108749999
TrpB,c21_global_mse,19,0.922559227,0.78595444575
TrpB,c22_equal_rank,19,0.922559227,0.7960723715
TrpB,evolution_only,19,0.922559227,0.8305908915000001
TrpB,c21_global_mse,20,0.932033526,0.789034989875
TrpB,c22_equal_rank,20,0.922559227,0.795315778
TrpB,evolution_only,20,0.845869121,0.6929212542499998
TrpB,c21_global_mse,21,1.0,0.846588061125
TrpB,c22_equal_rank,21,0.922559227,0.83088389125
TrpB,evolution_only,21,0.922559227,0.83205388775
TrpB,c21_global_mse,22,0.932033526,0.813811467125
TrpB,c22_equal_rank,22,0.922559227,0.7978668360000001
TrpB,evolution_only,22,0.922559227,0.8078900302500001
TrpB,c21_global_mse,23,0.932033526,0.77260798125
TrpB,c22_equal_rank,23,0.922559227,0.7730928213749999
TrpB,evolution_only,23,0.922559227,0.7402744376249999
GB1,c22_bata,0,0.7849778591964844,0.6751436217624454
GB1,c0_fine_only,0,0.8311300290264457,0.597992606920006
GB1,c22_bata,1,0.8345908537078612,0.6220319330991453
GB1,c0_fine_only,1,1.0,0.6427677665020741
GB1,c22_bata,2,1.0,0.6088829620350888
GB1,c0_fine_only,2,1.0,0.7514845829846517
GB1,c22_bata,3,0.8345908537078612,0.6957022917369902
GB1,c0_fine_only,3,1.0,0.873396739221937
GB1,c22_bata,4,1.0,0.6103438831345951
GB1,c0_fine_only,4,0.6587599672965438,0.5315272970524413
GB1,c22_bata,5,0.8345908537078612,0.7839757074996232
GB1,c0_fine_only,5,0.8624627606050047,0.6978631125639967
GB1,c22_bata,6,0.8624627606050047,0.7236467921622267
GB1,c0_fine_only,6,1.0,0.7400810109954624
GB1,c22_bata,7,0.6587599672965438,0.5527481116276132
GB1,c0_fine_only,7,0.6895801554372128,0.5503777831744563
GB1,c22_bata,8,1.0,0.6599131909448335
GB1,c0_fine_only,8,0.8622110018003477,0.6035255345789728
GB1,c22_bata,9,1.0,0.6405689454262569
GB1,c0_fine_only,9,0.8345908537078612,0.6772629355932732
GB1,c22_bata,10,0.6895801554372128,0.5975258462739859
GB1,c0_fine_only,10,0.6587599672965438,0.6177602711691114
GB1,c22_bata,11,0.6209353905963313,0.5515661498502454
GB1,c0_fine_only,11,0.8622110018003477,0.7087743034432411
GB1,c22_bata,12,0.8345908537078612,0.7056322307530625
GB1,c0_fine_only,12,0.8622110018003477,0.7127416683291323
GB1,c22_bata,13,0.8345908537078612,0.7017586907755623
GB1,c0_fine_only,13,1.0,0.7922889394683107
GB1,c22_bata,14,0.8345908537078612,0.6571600973101327
GB1,c0_fine_only,14,0.8622110018003477,0.5891449706796249
GB1,c22_bata,15,0.8345908537078612,0.7120711812654245
GB1,c0_fine_only,15,0.8345908537078612,0.7538658588671601
GB1,c22_bata,16,0.7352767757755749,0.48519965605135673
GB1,c0_fine_only,16,0.8345908537078612,0.55232112534715
GB1,c22_bata,17,0.8345908537078612,0.7269688537455277
GB1,c0_fine_only,17,0.7418458719418657,0.5397505556457526
GB1,c22_bata,18,1.0,0.6218370409291639
GB1,c0_fine_only,18,0.8622110018003477,0.677255595202712
GB1,c22_bata,19,0.8345908537078612,0.7381668915035063
GB1,c0_fine_only,19,0.8345908537078612,0.7798954186519355
PABP,c22_bata,0,2.868778599,1.95806388775
PABP,c22_bata,1,2.868778599,2.6644222048749997
PABP,c22_bata,2,2.868778599,2.158464063625
PABP,c22_bata,3,1.854210558,1.696223527375
PABP,c22_bata,4,2.868778599,2.428282479375
PABP,c22_bata,5,2.0996727180000003,1.8728347336250002
PABP,c22_bata,6,2.868778599,1.8819935015
PABP,c22_bata,7,1.974613841,1.8342478177500001
PABP,c22_bata,8,1.960901245,1.5632398977500002
PABP,c22_bata,9,1.822900012,1.7386803423750001
PABP,c22_bata,10,1.964409118,1.8099870645000002
PABP,c22_bata,11,2.868778599,1.9808333718750002
PABP,c22_bata,12,2.128194918,2.035474427625
PABP,c22_bata,13,2.868778599,2.685154000625
PABP,c22_bata,14,2.627942865,2.1345814192500003
PABP,c22_bata,15,2.308485747,2.1693494745
PABP,c22_bata,16,2.627942865,1.8376590508750001
PABP,c22_bata,17,2.868778599,1.8830004194999999
PABP,c22_bata,18,1.964409118,1.8616902427500002
PABP,c22_bata,19,1.964409118,1.649837135125
TrpB,c22_bata,0,0.922559227,0.8696333549999999
TrpB,c0_fine_only,0,1.0,0.856572118375
TrpB,c22_bata,1,0.932033526,0.76375243475
TrpB,c0_fine_only,1,0.922559227,0.7738805748750001
TrpB,c22_bata,2,0.922559227,0.7358036553749999
TrpB,c0_fine_only,2,0.800478399,0.683965272625
TrpB,c22_bata,3,0.832570233,0.745416578375
TrpB,c0_fine_only,3,0.932033526,0.79006789875
TrpB,c22_bata,4,0.895147379,0.7598344036249999
TrpB,c0_fine_only,4,0.800478399,0.674881802625
TrpB,c22_bata,5,0.932033526,0.881488342375
TrpB,c0_fine_only,5,1.0,0.906975770125
TrpB,c22_bata,6,1.0,0.7747529555
TrpB,c0_fine_only,6,0.932033526,0.72780232625
TrpB,c22_bata,7,0.922559227,0.68359654725
TrpB,c0_fine_only,7,0.841000643,0.5910214675
TrpB,c22_bata,8,0.932033526,0.67501224575
TrpB,c0_fine_only,8,0.932033526,0.668296494
TrpB,c22_bata,9,0.922559227,0.761034878125
TrpB,c0_fine_only,9,0.932033526,0.72686394025
TrpB,c22_bata,10,0.922559227,0.754440974875
TrpB,c0_fine_only,10,0.932033526,0.753855483
TrpB,c22_bata,11,0.922559227,0.788808286
TrpB,c0_fine_only,11,0.752894791,0.6844707
TrpB,c22_bata,12,1.0,0.8409283562500001
TrpB,c0_fine_only,12,1.0,0.767340457
TrpB,c22_bata,13,1.0,0.7060932612499999
TrpB,c0_fine_only,13,0.800478399,0.631187818625
TrpB,c22_bata,14,0.932033526,0.8066899445
TrpB,c0_fine_only,14,0.932033526,0.7957751712500001
TrpB,c22_bata,15,0.922559227,0.7726673685
TrpB,c0_fine_only,15,0.909769373,0.73286325725
TrpB,c22_bata,16,0.922559227,0.748289320375
TrpB,c0_fine_only,16,0.700465041,0.625142667375
TrpB,c22_bata,17,0.922559227,0.8304912378749999
TrpB,c0_fine_only,17,0.922559227,0.745131798625
TrpB,c22_bata,18,0.932033526,0.792331368375
TrpB,c0_fine_only,18,0.794515883,0.69036891475
TrpB,c22_bata,19,0.932033526,0.771384595875
TrpB,c0_fine_only,19,0.801936097,0.74547742425
PABP,c0_fine_only,0,2.868778599,2.452085538
PABP,c0_fine_only,1,2.868778599,2.402952558125
PABP,c0_fine_only,2,2.868778599,2.6814033571249998
PABP,c0_fine_only,3,2.868778599,2.11083856575
PABP,c0_fine_only,4,2.868778599,2.428282479375
PABP,c0_fine_only,5,2.0996727180000003,1.924448593875
PABP,c0_fine_only,6,2.868778599,2.6683225545
PABP,c0_fine_only,7,1.974613841,1.7276573490000002
PABP,c0_fine_only,8,2.042122007,1.6609075882500002
PABP,c0_fine_only,9,2.868778599,2.115882998
PABP,c0_fine_only,10,1.822900012,1.7227234097500002
PABP,c0_fine_only,11,2.081572091,1.970304788125
PABP,c0_fine_only,12,1.765268704,1.7179139903749998
PABP,c0_fine_only,13,1.822900012,1.72984046475
PABP,c0_fine_only,14,2.627942865,1.87439847925
PABP,c0_fine_only,15,1.83326862,1.749183376125
PABP,c0_fine_only,16,2.081572091,1.859061559875
PABP,c0_fine_only,17,1.870398111,1.5526137315000001
PABP,c0_fine_only,18,2.868778599,2.426921168375
PABP,c0_fine_only,19,2.868778599,2.35698746425
GB1,c22_bata,20,0.8311300290264457,0.6966002981956907
GB1,c0_fine_only,20,0.8345908537078612,0.6710201784286702
GB1,c22_bata,21,0.8624627606050047,0.7672571920858258
GB1,c0_fine_only,21,1.0,0.6824562848840047
GB1,c22_bata,22,1.0,0.7376546408224133
GB1,c0_fine_only,22,1.0,0.8558476948879518
GB1,c22_bata,23,0.8345908537078612,0.6824158945893042
GB1,c0_fine_only,23,0.9181903148057718,0.6899778824726541
PABP,c22_bata,20,1.964409118,1.691247348375
PABP,c22_bata,21,2.868778599,1.89337817425
PABP,c22_bata,22,2.868778599,1.818574766125
PABP,c22_bata,23,1.822900012,1.6838665039999998
TrpB,c22_bata,20,0.932033526,0.792871798125
TrpB,c0_fine_only,20,0.922559227,0.77297111825
TrpB,c22_bata,21,0.922559227,0.83088389125
TrpB,c0_fine_only,21,1.0,0.821909311375
TrpB,c22_bata,22,0.922559227,0.748360727
TrpB,c0_fine_only,22,1.0,0.869770584625
TrpB,c22_bata,23,0.922559227,0.761745140875
TrpB,c0_fine_only,23,0.932033526,0.8691005157499999
PABP,c0_fine_only,20,1.854210558,1.741956095875
PABP,c0_fine_only,21,2.128194918,1.667586253375
PABP,c0_fine_only,22,2.868778599,2.341356739125
PABP,c0_fine_only,23,2.372511545,1.894230069125
