benchmark,arm,queries,n,mean,sd,median,q25,q75
GB1,evolvepro650,96,35,0.2678539991268175,0.12136740003885155,0.2532274081079781,0.1709602460578282,0.3692516355944046
GB1,evolvepro650,192,35,0.5242469840768409,0.14960994135429795,0.5183026506033135,0.4740326956378566,0.5950579693758161
GB1,evolvepro650,288,35,0.6278626223399307,0.1085958780349699,0.6271281750844608,0.5429422358831488,0.6723293504313184
GB1,evolvepro650,384,35,0.6977239799495644,0.10125271119987685,0.6723293504313184,0.6368674198898276,0.729628934761029
GB1,evolvepro650,480,35,0.7343679196680933,0.09659139226336887,0.7077333663997645,0.6587599672965438,0.8311300290264457
GB1,rf_onehot,96,35,0.2678539991268175,0.12136740003885155,0.2532274081079781,0.1709602460578282,0.3692516355944046
GB1,rf_onehot,192,35,0.5631460155445154,0.13657470230826987,0.5457370834049752,0.5026330172823952,0.6206218229440639
GB1,rf_onehot,288,35,0.7349407006460359,0.12454248330925712,0.7849778591964844,0.6277647782987386,0.8108907282847719
GB1,rf_onehot,384,35,0.7934759008535948,0.12040532933432464,0.8345908537078612,0.6741700613668784,0.8345908537078612
GB1,rf_onehot,480,35,0.8293638860585177,0.10699166364854676,0.8345908537078612,0.8311300290264457,0.8624627606050047
GRB2,alde,96,24,0.30726987832653124,0.07327925051756796,0.301194991920595,0.26827191925746025,0.355746881031214
GRB2,alde,192,24,0.4455832426033342,0.07559097767984929,0.4216641835311665,0.3966931131714082,0.48037034432757514
GRB2,alde,288,24,0.4890154796205845,0.10411208852761701,0.45429913436862945,0.4129794549599697,0.5403269577893305
GRB2,alde,384,24,0.5370037500010457,0.12381251395151568,0.4854411683473079,0.43516553407336606,0.637179766130976
GRB2,alde,480,24,0.5827116503326512,0.10638065949944021,0.605466965313054,0.48542456606044493,0.637179766130976
GRB2,rf_onehot,96,24,0.30726987832653124,0.07327925051756796,0.301194991920595,0.26827191925746025,0.355746881031214
GRB2,rf_onehot,192,24,0.434357318239275,0.08134895141191775,0.413019363505328,0.37526446144656067,0.4854411683473079
GRB2,rf_onehot,288,24,0.47606698423594934,0.09114966306033466,0.45758415398703056,0.4139154969558877,0.5222916301390282
GRB2,rf_onehot,384,24,0.5205676278879843,0.10044798328645328,0.5035711890843471,0.44460470757763976,0.6006240520456463
GRB2,rf_onehot,480,24,0.5540282781962351,0.08552495584308252,0.544064178618847,0.481351020032103,0.6133951655175345
HIS7,alde,96,24,1.1786432899570833,0.09178565026471598,1.169855941655,1.1296811767425,1.2003825911125001
HIS7,alde,192,24,1.2458260971416666,0.11178851137369936,1.22049731278,1.1637255182325,1.30965834086
HIS7,alde,288,24,1.2806930450804168,0.10139612512221072,1.2345657555199998,1.20041089465,1.3397274189400001
HIS7,alde,384,24,1.2930204644166665,0.10167530826196056,1.288302847,1.2116750479275,1.3397274189400001
HIS7,alde,480,24,1.3258089435116667,0.1136742395999678,1.30855227204,1.229879960955,1.3803407816099997
HIS7,evolvepro650,96,24,1.1786432899570833,0.09178565026471598,1.169855941655,1.1296811767425,1.2003825911125001
HIS7,evolvepro650,192,24,1.2614005567058333,0.08426692055004496,1.238629994735,1.21188625532,1.2933268542375003
HIS7,evolvepro650,288,24,1.3314020026775,0.11741079921611876,1.2965918272099999,1.2560443080225,1.3417887706825
HIS7,evolvepro650,384,24,1.373681707439167,0.12467199605919234,1.3133320932149999,1.2889850576650002,1.4868336581550001
HIS7,evolvepro650,480,24,1.39184588435125,0.11616010079478736,1.346542365445,1.29790972547,1.4868336581550001
PABP,alde,96,35,1.4284926160285714,0.168268970116588,1.386430995,1.3106533545,1.5342436115
PABP,alde,192,35,1.5917965579142859,0.1810177415723517,1.562974765,1.44170559,1.7055857644999999
PABP,alde,288,35,1.6980772951714287,0.1775489865318424,1.687302303,1.555511533,1.817332016
PABP,alde,384,35,1.7275765680857145,0.16665820638821469,1.7925741590000002,1.59066115,1.822900012
PABP,alde,480,35,1.8183268186571426,0.18141967892215674,1.822900012,1.7536028615,1.8417774615
PABP,rf_onehot,96,35,1.4284926160285714,0.168268970116588,1.386430995,1.3106533545,1.5342436115
PABP,rf_onehot,192,35,1.7282164086571428,0.20645785856577772,1.719489488,1.581204187,1.8223995765
PABP,rf_onehot,288,35,1.8856372418857144,0.239320793164296,1.822900012,1.7832281920000002,2.081572091
PABP,rf_onehot,384,35,1.9555404959714289,0.2546818720377675,1.850286303,1.8119344645,2.0996727180000003
PABP,rf_onehot,480,35,1.9848524468285718,0.2533134890190491,1.930733534,1.8119344645,2.1139338180000005
TrpB,evolvepro650,96,35,0.4014627538285715,0.1791073808996162,0.42932399,0.3034982675,0.501553041
TrpB,evolvepro650,192,35,0.7030952644857142,0.10772266114736062,0.691731032,0.618669091,0.800478399
TrpB,evolvepro650,288,35,0.8122610252857143,0.09413829691291055,0.800478399,0.732172556,0.909769373
TrpB,evolvepro650,384,35,0.8665184510000001,0.08243920980944289,0.895147379,0.800478399,0.932033526
TrpB,evolvepro650,480,35,0.8982319816000001,0.08387497070191674,0.932033526,0.816524316,0.932033526
TrpB,rf_onehot,96,35,0.4014627538285715,0.1791073808996162,0.42932399,0.3034982675,0.501553041
TrpB,rf_onehot,192,35,0.663616395457143,0.12658933399226854,0.6541842,0.558590018,0.7438661419999999
TrpB,rf_onehot,288,35,0.8063271884571429,0.13125711446511834,0.800478399,0.6991521075,0.932033526
TrpB,rf_onehot,384,35,0.8620428959714286,0.12993718667043758,0.895147379,0.7495184095,1.0
TrpB,rf_onehot,480,35,0.8934276123428572,0.12244874777355125,0.932033526,0.752894791,1.0
HIS7,bata,96,24,1.1786432899570833,0.09178565026471598,1.169855941655,1.1296811767425,1.2003825911125001
HIS7,bata,192,24,1.2788309632695833,0.12185112262346957,1.23916505081,1.2035765516925,1.279880839435
HIS7,bata,288,24,1.3253035618891666,0.1397927277503159,1.2754977418700002,1.234230774075,1.341859945195
HIS7,bata,384,24,1.3447844736929166,0.13066083985903895,1.298819000475,1.27293350965,1.36090421242
HIS7,bata,480,24,1.3577193960141667,0.130241921170099,1.32657861664,1.27293350965,1.36090421242
HIS7,reap100,96,24,1.1786432899570833,0.09178565026471598,1.169855941655,1.1296811767425,1.2003825911125001
HIS7,reap100,192,24,1.2732667088429166,0.08474913170816738,1.2866106902399999,1.22018965276,1.3172528020999998
HIS7,reap100,288,24,1.3120671367824999,0.08233829765516006,1.299745761695,1.2816778093874999,1.3543677585024998
HIS7,reap100,384,24,1.3446363466454165,0.09321504461540282,1.3172528020999998,1.295180374155,1.35972648724
HIS7,reap100,480,24,1.354435921365,0.08759313954360101,1.3237102884399998,1.29882775349,1.3605496262874999
HIS7,rf_onehot,96,24,1.1786432899570833,0.09178565026471598,1.169855941655,1.1296811767425,1.2003825911125001
HIS7,rf_onehot,192,24,1.2338331144691665,0.08441719580425032,1.223196940425,1.19090798014,1.2628343136625
HIS7,rf_onehot,288,24,1.2960073499391667,0.10123359705655374,1.27794954328,1.23509668767,1.3201832221325
HIS7,rf_onehot,384,24,1.3565284928579164,0.12395427336813344,1.310105350835,1.2775654864375001,1.4516651211475
HIS7,rf_onehot,480,24,1.402759414195,0.1571346220164684,1.35063452813,1.29290585125,1.5188950416775002
GB1,alde,96,35,0.2678539991268175,0.12136740003885155,0.2532274081079781,0.1709602460578282,0.3692516355944046
GB1,alde,192,35,0.5696210379602586,0.097562040794772,0.5504934558488072,0.5207227196645839,0.6211852719683841
GB1,alde,288,35,0.7813107788789534,0.10999961705864486,0.8311300290264457,0.6943671327716057,0.8345908537078612
GB1,alde,384,35,0.8921674581177532,0.12603351440120017,0.9181903148057718,0.8345908537078612,1.0
GB1,alde,480,35,0.9346839826345404,0.09039086709194738,1.0,0.8622110018003477,1.0
GB1,bata,96,35,0.2678539991268175,0.12136740003885155,0.2532274081079781,0.1709602460578282,0.3692516355944046
GB1,bata,192,35,0.5746536080073792,0.12016426121727496,0.5783003395511142,0.532093817533676,0.6186034417161153
GB1,bata,288,35,0.7324197552282342,0.10738056669499123,0.7352767757755749,0.6661274811666531,0.825004381071726
GB1,bata,384,35,0.7884104254373359,0.08991271368642968,0.825004381071726,0.7033205064299787,0.8345908537078612
GB1,bata,480,35,0.8512221235009663,0.1083404682328534,0.8345908537078612,0.8280672050490858,0.9312313803025023
GB1,reap100,96,35,0.2678539991268175,0.12136740003885155,0.2532274081079781,0.1709602460578282,0.3692516355944046
GB1,reap100,192,35,0.5740114917036995,0.12445882482216121,0.5783003395511142,0.5135810718361483,0.628406447899001
GB1,reap100,288,35,0.7078925696520183,0.11535740499374326,0.7077333663997645,0.6234811465802897,0.8078619449567037
GB1,reap100,384,35,0.8254833286202771,0.11948591345800984,0.8345908537078612,0.7077333663997645,0.9181903148057718
GB1,reap100,480,35,0.8958013379953708,0.09436786590974447,0.8622110018003477,0.8345908537078612,1.0
PABP,bata,96,35,1.4284926160285714,0.168268970116588,1.386430995,1.3106533545,1.5342436115
PABP,bata,192,35,1.8196432141142855,0.34492648968977446,1.763650824,1.6087972110000002,1.8991945625
PABP,bata,288,35,1.9785384237428576,0.3524853885986153,1.822900012,1.786856756,2.008367924
PABP,bata,384,35,2.090935739857143,0.40313321875985414,1.964409118,1.822900012,2.308485747
PABP,bata,480,35,2.4169243188285714,0.42321327468476255,2.308485747,1.964409118,2.868778599
PABP,evolvepro650,96,35,1.4284926160285714,0.168268970116588,1.386430995,1.3106533545,1.5342436115
PABP,evolvepro650,192,35,1.7732167415714284,0.3869016132218967,1.719489488,1.56515071,1.810062688
PABP,evolvepro650,288,35,2.115958199657143,0.5358075138873142,1.806536913,1.7564047030000003,2.868778599
PABP,evolvepro650,384,35,2.2617377945999997,0.4983987244158187,2.0996727180000003,1.796232716,2.868778599
PABP,evolvepro650,480,35,2.367571839,0.47451922703427624,2.128194918,1.922505976,2.868778599
PABP,reap100,96,35,1.4284926160285714,0.168268970116588,1.386430995,1.3106533545,1.5342436115
PABP,reap100,192,35,1.6806492853428572,0.1940364978116776,1.672936727,1.518441477,1.815219561
PABP,reap100,288,35,1.8178115120857143,0.1731348610045071,1.817332016,1.765268704,1.822900012
PABP,reap100,384,35,1.913090450142857,0.24023515731820524,1.822900012,1.822900012,2.081572091
PABP,reap100,480,35,1.9959840325142864,0.23713638414683103,1.960901245,1.822900012,2.0906224045000004
TrpB,alde,96,35,0.4014627538285715,0.1791073808996162,0.42932399,0.3034982675,0.501553041
TrpB,alde,192,35,0.7078894573428571,0.09582335913629957,0.714255346,0.6642554315,0.7491512579999999
TrpB,alde,288,35,0.8441326019142857,0.11789635050938849,0.819070975,0.746142028,0.932033526
TrpB,alde,384,35,0.8750230703714286,0.11117244912524027,0.895147379,0.7722171664999999,1.0
TrpB,alde,480,35,0.8957859325142857,0.1099124066748807,0.932033526,0.7963267430000001,1.0
TrpB,bata,96,35,0.4014627538285715,0.1791073808996162,0.42932399,0.3034982675,0.501553041
TrpB,bata,192,35,0.7078817023142857,0.10253081340342943,0.724265211,0.631451427,0.7721398155
TrpB,bata,288,35,0.8469542877142857,0.0678311460764103,0.88246645,0.800478399,0.902458376
TrpB,bata,384,35,0.8972954513142858,0.04541825046450381,0.922559227,0.895147379,0.922559227
TrpB,bata,480,35,0.9208985678000001,0.04217742752602417,0.922559227,0.922559227,0.932033526
TrpB,reap100,96,35,0.4014627538285715,0.1791073808996162,0.42932399,0.3034982675,0.501553041
TrpB,reap100,192,35,0.6701915792571429,0.13610092641455573,0.66472738,0.582667974,0.7631297635000001
TrpB,reap100,288,35,0.8011107445714285,0.11395624925796174,0.800478399,0.739157292,0.909769373
TrpB,reap100,384,35,0.8554063954285714,0.11120245100557946,0.801936097,0.752894791,0.9660167630000001
TrpB,reap100,480,35,0.8857702422285714,0.11769333253988548,0.932033526,0.752894791,1.0
GRB2,bata,96,24,0.30726987832653124,0.07327925051756796,0.301194991920595,0.26827191925746025,0.355746881031214
GRB2,bata,192,24,0.5157951546544298,0.0999591456463653,0.5390551255788516,0.4142029980009117,0.5728883642154196
GRB2,bata,288,24,0.5630510352088768,0.07425104560605661,0.5467042490670371,0.544064178618847,0.651440709660567
GRB2,bata,384,24,0.6052055625278129,0.056776134077086385,0.651440709660567,0.5467042490670371,0.651440709660567
GRB2,bata,480,24,0.6141536067812895,0.05477955677157675,0.651440709660567,0.5467042490670371,0.651440709660567
GRB2,evolvepro650,96,24,0.30726987832653124,0.07327925051756796,0.301194991920595,0.26827191925746025,0.355746881031214
GRB2,evolvepro650,192,24,0.47686725846039035,0.08106042966304662,0.46040930581033696,0.40826312652492797,0.544064178618847
GRB2,evolvepro650,288,24,0.5434339094388356,0.07651211052035033,0.534046072538856,0.4860910571525379,0.5447241962308945
GRB2,evolvepro650,384,24,0.5716565321071192,0.07457280854612895,0.544064178618847,0.5337815107840905,0.651440709660567
GRB2,evolvepro650,480,24,0.5897999056835418,0.0680202439889128,0.5453842138429421,0.544064178618847,0.651440709660567
GRB2,reap100,96,24,0.30726987832653124,0.07327925051756796,0.301194991920595,0.26827191925746025,0.355746881031214
GRB2,reap100,192,24,0.49737067341156577,0.08990900285555593,0.4995245362017765,0.4180181458224118,0.5247416264503659
GRB2,reap100,288,24,0.5685322321991806,0.09025794482018332,0.5768403145041814,0.4860910571525379,0.651440709660567
GRB2,reap100,384,24,0.6195599155043059,0.0571866182718675,0.651440709660567,0.5680046748403578,0.651440709660567
GRB2,reap100,480,24,0.6319039686772444,0.06115814307498522,0.651440709660567,0.5759848402475279,0.651440709660567
