method,mean,sd,auc
BATA M5 + TS,0.9148762849583334,0.039727651106116174,0.7834288128020833
BATA M20 + TS,0.9260032527500001,0.031605032220550375,0.7960944618593752
BATA M5 + last-greedy,0.9084694237083334,0.03353905642639316,0.7826279551458333
BATA M20 + last-greedy,0.9210648854166666,0.03632077175586322,0.7954771659427085
Fine-only M5,0.9030624876666667,0.07544288752302492,0.7464897814322917
Fine-only M20,0.9441529757083335,0.0639284506880195,0.7672499253229167
REAP10,0.92901825675,0.08748841047546967,0.755524981578125
REAP100,0.953559339375,0.06787670426154928,0.7802161627395833
ALDE,0.9106951449583334,0.103107689030117,0.7766931228645833
