stage,benchmark,arm,n,mean,sd,median,q25,q75
D1,TrpB,alde,24,18.652936160564423,3.0652824978285356,16.48353600502014,16.067455172538757,21.73099136352539
D1,TrpB,bata_m20_last,24,4587.259919573863,240.95640671477142,4602.403727889061,4370.412957191467,4725.054386079311
D1,TrpB,bata_m20_ts,24,4585.289010624091,249.66025727624086,4613.166355967522,4364.679583251476,4723.032447874546
D1,TrpB,bata_m5_last,24,1287.159359117349,83.6272595429388,1272.8671326637268,1220.3757938742638,1358.5139325261116
D1,TrpB,bata_m5_ts,24,1287.8690907557805,84.7048808470679,1275.2959007024765,1223.1144514083862,1355.6242817640305
D1,TrpB,fine_m20_last,24,1324.6510726014774,142.33475033731105,1380.6151829957962,1194.515876531601,1434.0097531676292
D1,TrpB,fine_m20_ts,24,1324.1820455789566,139.56992835732663,1371.7736253738403,1193.572161078453,1444.6802586317062
D1,TrpB,fine_m5_last,24,340.88152133425075,39.89174972989424,354.47712445259094,290.45442122220993,374.45253479480743
D1,TrpB,fine_m5_ts,24,342.5333135128021,40.84030316425268,354.393679022789,290.37515127658844,373.6806503534317
D1,TrpB,reap10,24,123.08838868141174,15.426657958889091,123.33903479576111,116.0369063615799,130.49547743797302
D1,TrpB,reap100,24,1175.6101014614105,133.59766405292376,1157.5413328409195,1067.5266598463058,1281.7596750855446
R1,GB1,evolvepro650,35,119.32790011678424,25.190087775981848,112.7293951511383,104.1452614068985,131.30972504615784
R1,GB1,rf_onehot,35,20.361542333875384,2.5601685399176612,21.205044507980347,18.27089297771454,22.027828454971313
R1,GRB2,alde,24,29.455796202023823,5.353438731792944,28.972692489624023,24.158333957195282,34.64042615890503
R1,GRB2,rf_onehot,24,34.13076251745224,5.731022091456903,36.242560625076294,27.982233107089996,37.91347372531891
R1,HIS7,alde,24,109.77204607923825,14.758596341355561,104.84577071666718,96.3761374950409,124.16796094179153
R1,HIS7,evolvepro650,24,169.39871215820312,21.14839872474503,174.55013608932495,149.96742898225784,184.00926566123962
R1,PABP,alde,35,33.37897805486406,4.9172787842201995,35.289857387542725,27.3040691614151,37.501516699790955
R1,PABP,rf_onehot,35,30.359025491986955,4.46916789683293,31.26668691635132,26.23293888568878,33.68689489364624
R1,TrpB,evolvepro650,35,96.41727493149894,9.569665487850603,98.18236780166626,93.40898978710175,102.47619545459747
R1,TrpB,rf_onehot,35,19.299295439038957,2.554926091130649,20.04211926460266,18.392646074295044,20.890215277671814
R1,HIS7,bata,24,56.721321066220604,14.589198461624724,53.46011221408844,52.177718102931976,55.016179978847504
R1,HIS7,reap100,24,1805.1340260605018,139.42090425091072,1791.7371300458908,1717.8209725022316,1860.793306350708
R1,HIS7,rf_onehot,24,179.22456392645836,25.299531242808825,167.22527313232422,161.01057124137878,188.7156324982643
R1,GB1,alde,35,31.61437828200204,19.015751456851525,21.901432991027832,19.630431294441223,43.438427805900574
R1,GB1,bata,35,65.60024884768895,50.23848235714372,87.0633704662323,12.964309215545654,107.2654937505722
R1,GB1,reap100,35,1131.4217960357666,165.00518142869507,1114.4584758281708,1017.711348772049,1201.6553981304169
R1,PABP,bata,35,367.51892855507987,22.839682062895225,364.0859830379486,351.32699728012085,381.25032329559326
R1,PABP,evolvepro650,35,82.27649760246277,5.0505381964883425,81.2184317111969,78.3234132528305,86.66188585758209
R1,PABP,reap100,35,602.0193881034851,79.1435639860492,569.2984161376953,545.8198719024658,641.3305758237839
R1,TrpB,alde,35,15.640022693361555,0.33255607024482897,15.52909541130066,15.442565679550171,15.771561622619629
R1,TrpB,bata,35,1129.4717142786299,28.091795996582327,1130.797346830368,1108.9722940921783,1148.4017392396927
R1,TrpB,reap100,35,1007.5434757368905,137.49583728197402,975.8055481910706,920.8794099092484,1050.4043618440628
R1,GRB2,bata,24,298.4954497218132,8.84949442779617,300.2746012210846,292.66732412576675,304.5793274641037
R1,GRB2,evolvepro650,24,77.47044837474823,1.9607978200098322,77.53785002231598,76.31971740722656,78.2899397611618
R1,GRB2,reap100,24,730.0205677847067,83.43044636934464,730.626989364624,659.2271270751953,804.3156009912491
