stage,benchmark,arm,group,cohort,Final,Query_AUC,top1_success,global_optimum_hit,normalized_regret,top10_hits
R1,GRB2,alde,0,existing_GRB2_transfer24,0.637179766130976,0.5116358218110619,True,False,0.05598322520502896,302
R1,GRB2,alde,1,existing_GRB2_transfer24,0.7329993807693149,0.5401322477530819,True,False,0.018920146854510184,317
R1,GRB2,alde,2,existing_GRB2_transfer24,0.7329993807693149,0.5957652105389581,True,False,0.018920146854510184,243
R1,GRB2,alde,3,existing_GRB2_transfer24,0.637179766130976,0.5809013013201003,True,False,0.05598322520502896,309
R1,GRB2,alde,4,existing_GRB2_transfer24,0.7329993807693149,0.6338290780520868,True,False,0.018920146854510184,299
R1,GRB2,alde,5,existing_GRB2_transfer24,0.4860910571525379,0.48552240444796163,True,False,0.11442441889885134,307
R1,GRB2,alde,6,existing_GRB2_transfer24,0.485374759199856,0.43492629296794616,True,False,0.11470148333125142,315
R1,GRB2,alde,7,existing_GRB2_transfer24,0.474855601530753,0.4198465565892869,True,False,0.11877029916131876,333
R1,GRB2,alde,8,existing_GRB2_transfer24,0.605466965313054,0.5361509960785439,True,False,0.06824975357571138,338
R1,GRB2,alde,9,existing_GRB2_transfer24,0.781913860115971,0.6017539634240683,True,True,0.0,291
R1,GRB2,alde,10,existing_GRB2_transfer24,0.5467042490670371,0.49279984311201575,True,False,0.09097920374659535,294
R1,GRB2,alde,11,existing_GRB2_transfer24,0.3987479691829539,0.3725550453493063,True,False,0.14820877218613426,309
R1,GRB2,alde,12,existing_GRB2_transfer24,0.637179766130976,0.41412595873835095,True,False,0.05598322520502896,323
R1,GRB2,alde,13,existing_GRB2_transfer24,0.448354655296801,0.3838601837226048,True,False,0.12902087938269707,313
R1,GRB2,alde,14,existing_GRB2_transfer24,0.637179766130976,0.4830227530095979,True,False,0.05598322520502896,317
R1,GRB2,alde,15,existing_GRB2_transfer24,0.4357690906244361,0.4163017026017453,True,False,0.13388898255027906,339
R1,GRB2,alde,16,existing_GRB2_transfer24,0.4854411683473079,0.4583408351257575,True,False,0.1146757962373877,287
R1,GRB2,alde,17,existing_GRB2_transfer24,0.599009747623177,0.5529040644676649,True,False,0.070747408842533,273
R1,GRB2,alde,18,existing_GRB2_transfer24,0.457860147715299,0.4466713022355538,True,False,0.1253441498154077,291
R1,GRB2,alde,19,existing_GRB2_transfer24,0.5382011940300949,0.431957302191304,True,False,0.09426818999687885,271
R1,GRB2,alde,20,existing_GRB2_transfer24,0.637179766130976,0.43506623896090074,True,False,0.05598322520502896,347
R1,GRB2,alde,21,existing_GRB2_transfer24,0.645458239195416,0.41244581234538663,True,False,0.052781107382200314,317
R1,GRB2,alde,22,existing_GRB2_transfer24,0.605466965313054,0.4363618751526306,True,False,0.06824975357571138,332
R1,GRB2,alde,23,existing_GRB2_transfer24,0.605466965313054,0.4226826293314184,True,False,0.06824975357571138,317
R1,GRB2,rf_onehot,0,existing_GRB2_transfer24,0.544064178618847,0.45846559125090625,True,False,0.09200038441238573,239
R1,GRB2,rf_onehot,1,existing_GRB2_transfer24,0.457860147715299,0.4092976970076999,True,False,0.1253441498154077,221
R1,GRB2,rf_onehot,2,existing_GRB2_transfer24,0.415889228078651,0.3975713651072931,True,False,0.14157852404878105,147
R1,GRB2,rf_onehot,3,existing_GRB2_transfer24,0.651440709660567,0.5898143910260946,True,False,0.05046708459661045,199
R1,GRB2,rf_onehot,4,existing_GRB2_transfer24,0.5776957887608349,0.4663702969748139,True,False,0.07899165956568968,151
R1,GRB2,rf_onehot,5,existing_GRB2_transfer24,0.645458239195416,0.5054433022033213,True,False,0.052781107382200314,166
R1,GRB2,rf_onehot,6,existing_GRB2_transfer24,0.543825742980795,0.5026848804838312,True,False,0.09209261144510793,227
R1,GRB2,rf_onehot,7,existing_GRB2_transfer24,0.448354655296801,0.3957900572172756,True,False,0.12902087938269707,256
R1,GRB2,rf_onehot,8,existing_GRB2_transfer24,0.605466965313054,0.5285696424891614,True,False,0.06824975357571138,298
R1,GRB2,rf_onehot,9,existing_GRB2_transfer24,0.7329993807693149,0.551406826641862,True,False,0.018920146854510184,210
R1,GRB2,rf_onehot,10,existing_GRB2_transfer24,0.544064178618847,0.3844730342490393,True,False,0.09200038441238573,234
R1,GRB2,rf_onehot,11,existing_GRB2_transfer24,0.4668136526772601,0.4439586930133063,True,False,0.12188092929245492,178
R1,GRB2,rf_onehot,12,existing_GRB2_transfer24,0.637179766130976,0.4697318265333363,True,False,0.05598322520502896,228
R1,GRB2,rf_onehot,13,existing_GRB2_transfer24,0.486196809150384,0.42639222328133836,True,False,0.11438351396934722,241
R1,GRB2,rf_onehot,14,existing_GRB2_transfer24,0.448354655296801,0.42666986398678974,True,False,0.12902087938269707,286
R1,GRB2,rf_onehot,15,existing_GRB2_transfer24,0.645458239195416,0.44755950018267826,True,False,0.052781107382200314,166
R1,GRB2,rf_onehot,16,existing_GRB2_transfer24,0.651051239793396,0.5618471297795626,True,False,0.05061773175018761,164
R1,GRB2,rf_onehot,17,existing_GRB2_transfer24,0.599009747623177,0.5529040644676649,True,False,0.070747408842533,201
R1,GRB2,rf_onehot,18,existing_GRB2_transfer24,0.493121459168448,0.4775249497570592,True,False,0.11170505562719961,175
R1,GRB2,rf_onehot,19,existing_GRB2_transfer24,0.605466965313054,0.4461668649737116,True,False,0.06824975357571138,305
R1,GRB2,rf_onehot,20,existing_GRB2_transfer24,0.514020919000246,0.47313328083751377,True,False,0.10362113335144124,135
R1,GRB2,rf_onehot,21,existing_GRB2_transfer24,0.544064178618847,0.48077593135143953,True,False,0.09200038441238573,191
R1,GRB2,rf_onehot,22,existing_GRB2_transfer24,0.605466965313054,0.4332173422277016,True,False,0.06824975357571138,246
R1,GRB2,rf_onehot,23,existing_GRB2_transfer24,0.433354864420156,0.340077296704149,True,False,0.1348228065413568,232
R1,HIS7,alde,0,existing_HIS7_dev24,1.31072081507,1.23114878148375,True,False,0.43685002322831923,79
R1,HIS7,alde,1,existing_HIS7_dev24,1.33326980592,1.3192057094125,True,False,0.42716187032237474,73
R1,HIS7,alde,2,existing_HIS7_dev24,1.41502521208,1.35076103204875,True,False,0.3920357362512496,85
R1,HIS7,alde,3,existing_HIS7_dev24,1.52873480326,1.5287348032600003,True,False,0.34318051636347013,81
R1,HIS7,alde,4,existing_HIS7_dev24,1.39504369785,1.36343145941125,True,False,0.40062077521996886,90
R1,HIS7,alde,5,existing_HIS7_dev24,1.22563684699,1.22563684699,True,False,0.47340627082658104,92
R1,HIS7,alde,6,existing_HIS7_dev24,1.22855566344,1.21213181555125,True,False,0.4721522040588,86
R1,HIS7,alde,7,existing_HIS7_dev24,1.30478231909,1.23420815545,True,False,0.4394014924922121,62
R1,HIS7,alde,8,existing_HIS7_dev24,1.21275492714,1.175797936735,True,False,0.4789409756858418,86
R1,HIS7,alde,9,existing_HIS7_dev24,1.200626856,1.1753353562162498,True,False,0.48415179014934107,54
R1,HIS7,alde,10,existing_HIS7_dev24,1.3591002580000002,1.27227457112375,True,False,0.4160638406568603,85
R1,HIS7,alde,11,existing_HIS7_dev24,1.23032139346,1.19419209575875,True,False,0.4713935598011401,93
R1,HIS7,alde,12,existing_HIS7_dev24,1.18035505212,1.18035505212,True,False,0.4928615517956703,76
R1,HIS7,alde,13,existing_HIS7_dev24,1.23101821822,1.15729339982625,True,False,0.4710941696923571,72
R1,HIS7,alde,14,existing_HIS7_dev24,1.23280708268,1.19171800156125,True,False,0.47032558574410965,76
R1,HIS7,alde,15,existing_HIS7_dev24,1.3719119533000002,1.1862413393212499,True,False,0.4105593077100669,71
R1,HIS7,alde,16,existing_HIS7_dev24,1.28769601999,1.2280626707999998,True,False,0.44674260497829493,71
R1,HIS7,alde,17,existing_HIS7_dev24,1.3754398095299998,1.3085145651162502,True,False,0.4090435675683556,95
R1,HIS7,alde,18,existing_HIS7_dev24,1.31948217641,1.29629979871875,True,False,0.43308571249304967,91
R1,HIS7,alde,19,existing_HIS7_dev24,1.30638372901,1.28880051776,True,False,0.4387134482123921,86
R1,HIS7,alde,20,existing_HIS7_dev24,1.45345754103,1.3783860598812498,True,False,0.3755233219318675,93
R1,HIS7,alde,21,existing_HIS7_dev24,1.48086545072,1.4428268982887502,True,False,0.36374753907420404,100
R1,HIS7,alde,22,existing_HIS7_dev24,1.21535777857,1.21535777857,True,False,0.4778226629944649,107
R1,HIS7,alde,23,existing_HIS7_dev24,1.6200672344,1.27387969483375,True,False,0.30393962243424294,60
R1,HIS7,evolvepro650,0,existing_HIS7_dev24,1.55290862292,1.3429343176300002,True,False,0.3327942572734406,117
R1,HIS7,evolvepro650,1,existing_HIS7_dev24,1.27058025487,1.2551104328387501,True,False,0.45409637751241216,104
R1,HIS7,evolvepro650,2,existing_HIS7_dev24,1.48086545072,1.39191118119875,True,False,0.36374753907420404,126
R1,HIS7,evolvepro650,3,existing_HIS7_dev24,1.52873480326,1.5287348032600003,True,False,0.34318051636347013,141
R1,HIS7,evolvepro650,4,existing_HIS7_dev24,1.2922665588200002,1.27350146276,True,False,0.44477887722913945,79
R1,HIS7,evolvepro650,5,existing_HIS7_dev24,1.35428408416,1.29343745498625,True,False,0.41813310525916214,90
R1,HIS7,evolvepro650,6,existing_HIS7_dev24,1.59618996716,1.4697952460687498,True,False,0.31419846805336826,132
R1,HIS7,evolvepro650,7,existing_HIS7_dev24,1.26532098203,1.236117143125,True,False,0.45635601918715263,124
R1,HIS7,evolvepro650,8,existing_HIS7_dev24,1.3006425761,1.2613075360625001,True,False,0.44118012921015787,120
R1,HIS7,evolvepro650,9,existing_HIS7_dev24,1.25657216499,1.2104967204750001,True,False,0.46011494027561695,75
R1,HIS7,evolvepro650,10,existing_HIS7_dev24,1.3632837643200002,1.22882981948375,True,False,0.41426640106496193,112
R1,HIS7,evolvepro650,11,existing_HIS7_dev24,1.31004985235,1.2905337051449999,True,False,0.4371383017357164,93
R1,HIS7,evolvepro650,12,existing_HIS7_dev24,1.50473828046,1.3340815883025,True,False,0.3534906000228186,105
R1,HIS7,evolvepro650,13,existing_HIS7_dev24,1.43795038333,1.3954953864725002,True,False,0.3821859577869968,107
R1,HIS7,evolvepro650,14,existing_HIS7_dev24,1.55180615142,1.3239027102612497,True,False,0.333267933126054,115
R1,HIS7,evolvepro650,15,existing_HIS7_dev24,1.29969927452,1.21854186242375,True,False,0.44158541785496913,129
R1,HIS7,evolvepro650,16,existing_HIS7_dev24,1.3107420453799998,1.2914186472362497,True,False,0.4368409016454117,118
R1,HIS7,evolvepro650,17,existing_HIS7_dev24,1.43210452539,1.3517996147337503,True,False,0.38469762520333045,120
R1,HIS7,evolvepro650,18,existing_HIS7_dev24,1.29254107832,1.2463093604625,True,False,0.4446609301817814,106
R1,HIS7,evolvepro650,19,existing_HIS7_dev24,1.4347118548500002,1.2678769139850001,True,False,0.3835773885305369,108
R1,HIS7,evolvepro650,20,existing_HIS7_dev24,1.29254107832,1.26566351273,True,False,0.4446609301817814,131
R1,HIS7,evolvepro650,21,existing_HIS7_dev24,1.31592214105,1.2975314962950002,True,False,0.4346152783679788,140
R1,HIS7,evolvepro650,22,existing_HIS7_dev24,1.33880064673,1.2674795303625002,True,False,0.42478554972239024,119
R1,HIS7,evolvepro650,23,existing_HIS7_dev24,1.62104468296,1.4675626775612498,True,False,0.3035196625712952,97
R1,HIS7,bata,0,existing_HIS7_dev24,1.2267650448899998,1.2169736115762497,True,False,0.4729215416501814,96
R1,HIS7,bata,1,existing_HIS7_dev24,1.26686431718,1.249563219605,True,False,0.45569292667814487,114
R1,HIS7,bata,2,existing_HIS7_dev24,1.36443738796,1.28894781131625,True,False,0.41377074774306477,109
R1,HIS7,bata,3,existing_HIS7_dev24,1.52873480326,1.5287348032600003,True,False,0.34318051636347013,118
R1,HIS7,bata,4,existing_HIS7_dev24,1.5156151211500002,1.33772717784875,True,False,0.34881737555617603,93
R1,HIS7,bata,5,existing_HIS7_dev24,1.3102758223,1.2921393756287498,True,False,0.4370412139572738,70
R1,HIS7,bata,6,existing_HIS7_dev24,1.7037970650799998,1.50649390698125,True,False,0.2679651787080094,94
R1,HIS7,bata,7,existing_HIS7_dev24,1.27241107015,1.258283294345,True,False,0.4533097694334445,113
R1,HIS7,bata,8,existing_HIS7_dev24,1.35972648724,1.33340434502,True,False,0.41579478184745955,82
R1,HIS7,bata,9,existing_HIS7_dev24,1.20047725704,1.1844164779162498,True,False,0.4842160652030981,119
R1,HIS7,bata,10,existing_HIS7_dev24,1.3496649966799998,1.2677885577837502,True,False,0.42011769189054904,116
R1,HIS7,bata,11,existing_HIS7_dev24,1.22589877585,1.207917380935,True,False,0.4732937333359661,79
R1,HIS7,bata,12,existing_HIS7_dev24,1.344824494,1.2717419154725,True,False,0.4221974093562853,114
R1,HIS7,bata,13,existing_HIS7_dev24,1.3172528020999998,1.27129906682375,True,False,0.43404356108785125,92
R1,HIS7,bata,14,existing_HIS7_dev24,1.29447842251,1.263253003275,True,False,0.44382855205590344,104
R1,HIS7,bata,15,existing_HIS7_dev24,1.33590443118,1.24831526520375,True,False,0.42602990603454755,94
R1,HIS7,bata,16,existing_HIS7_dev24,1.26686431718,1.2098932108312501,True,False,0.45569292667814487,107
R1,HIS7,bata,17,existing_HIS7_dev24,1.33590443118,1.3298575066925,True,False,0.42602990603454755,115
R1,HIS7,bata,18,existing_HIS7_dev24,1.27310765615,1.25572209349125,True,False,0.4530104819076729,104
R1,HIS7,bata,19,existing_HIS7_dev24,1.27310765615,1.2059891454375,True,False,0.4530104819076729,96
R1,HIS7,bata,20,existing_HIS7_dev24,1.55180615142,1.5072542402374998,True,False,0.333267933126054,106
R1,HIS7,bata,21,existing_HIS7_dev24,1.31039787955,1.2319529077250002,True,False,0.4369887721735529,97
R1,HIS7,bata,22,existing_HIS7_dev24,1.62104468296,1.5703338199112502,True,False,0.3035196625712952,121
R1,HIS7,bata,23,existing_HIS7_dev24,1.33590443118,1.2645999137062498,True,False,0.42602990603454755,116
R1,HIS7,reap100,0,existing_HIS7_dev24,1.3172528020999998,1.299345432375,True,False,0.43404356108785125,105
R1,HIS7,reap100,1,existing_HIS7_dev24,1.35972648724,1.3423553055675,True,False,0.41579478184745955,99
R1,HIS7,reap100,2,existing_HIS7_dev24,1.36301904343,1.3182571766425,True,False,0.4143801381486647,102
R1,HIS7,reap100,3,existing_HIS7_dev24,1.52873480326,1.5287348032600003,True,False,0.34318051636347013,112
R1,HIS7,reap100,4,existing_HIS7_dev24,1.28506748792,1.1933033716174999,True,False,0.4478719513327168,76
R1,HIS7,reap100,5,existing_HIS7_dev24,1.3002003892899998,1.2908799465024998,True,False,0.4413701143610132,84
R1,HIS7,reap100,6,existing_HIS7_dev24,1.2992911341,1.25424998204375,True,False,0.4417607750060878,91
R1,HIS7,reap100,7,existing_HIS7_dev24,1.26963420195,1.2282922001099998,True,False,0.4545028482678906,59
R1,HIS7,reap100,8,existing_HIS7_dev24,1.2974376116600002,1.2776544275425001,True,False,0.4425571391951893,107
R1,HIS7,reap100,9,existing_HIS7_dev24,1.51399567574,1.3926680769387498,True,False,0.34951316876746785,86
R1,HIS7,reap100,10,existing_HIS7_dev24,1.22018965276,1.20463810551375,True,False,0.4757466527514164,87
R1,HIS7,reap100,11,existing_HIS7_dev24,1.35972648724,1.2805659139887497,True,False,0.41579478184745955,102
R1,HIS7,reap100,12,existing_HIS7_dev24,1.3172528020999998,1.3001405833525,True,False,0.43404356108785125,115
R1,HIS7,reap100,13,existing_HIS7_dev24,1.35972648724,1.32704947739375,True,False,0.41579478184745955,80
R1,HIS7,reap100,14,existing_HIS7_dev24,1.3172528020999998,1.30082721844125,True,False,0.43404356108785125,110
R1,HIS7,reap100,15,existing_HIS7_dev24,1.35972648724,1.2693493427137499,True,False,0.41579478184745955,106
R1,HIS7,reap100,16,existing_HIS7_dev24,1.35364431372,1.3031662058812503,True,False,0.4184079820325244,124
R1,HIS7,reap100,17,existing_HIS7_dev24,1.28752903528,1.28752903528,True,False,0.4468143498033382,118
R1,HIS7,reap100,18,existing_HIS7_dev24,1.38237332394,1.2680745481424998,True,False,0.40606458956324226,91
R1,HIS7,reap100,19,existing_HIS7_dev24,1.5363910425299998,1.39815215362,True,False,0.3398910202957446,64
R1,HIS7,reap100,20,existing_HIS7_dev24,1.3172528020999998,1.2821122509075,True,False,0.43404356108785125,79
R1,HIS7,reap100,21,existing_HIS7_dev24,1.5363910425299998,1.3116816257725,True,False,0.3398910202957446,101
R1,HIS7,reap100,22,existing_HIS7_dev24,1.3301677747799998,1.25841152714875,True,False,0.428494655110982,118
R1,HIS7,reap100,23,existing_HIS7_dev24,1.29447842251,1.2616200768349999,True,False,0.44382855205590344,100
R1,HIS7,rf_onehot,0,existing_HIS7_dev24,1.30089475521,1.25795710152125,True,False,0.4410717806905448,115
R1,HIS7,rf_onehot,1,existing_HIS7_dev24,1.6470591173,1.29708756962,True,False,0.2923425850992197,117
R1,HIS7,rf_onehot,2,existing_HIS7_dev24,1.39441801285,1.317991732295,True,False,0.40088960019716097,122
R1,HIS7,rf_onehot,3,existing_HIS7_dev24,1.52873480326,1.5287348032600003,True,False,0.34318051636347013,120
R1,HIS7,rf_onehot,4,existing_HIS7_dev24,1.2541575887,1.2046948218500002,True,False,0.46115236072854093,108
R1,HIS7,rf_onehot,5,existing_HIS7_dev24,1.28432374873,1.2501417201775,True,False,0.448191498182631,107
R1,HIS7,rf_onehot,6,existing_HIS7_dev24,1.29689068376,1.25105165814375,True,False,0.44279212625775793,100
R1,HIS7,rf_onehot,7,existing_HIS7_dev24,1.27787309927,1.2284936113649998,True,False,0.45096301371194475,107
R1,HIS7,rf_onehot,8,existing_HIS7_dev24,1.67518246956,1.2768342808425,True,False,0.28025941300805624,134
R1,HIS7,rf_onehot,9,existing_HIS7_dev24,1.16161232904,1.12060717347125,True,False,0.5009143453011861,76
R1,HIS7,rf_onehot,10,existing_HIS7_dev24,1.4928093346,1.28834016289125,True,False,0.358615860495325,103
R1,HIS7,rf_onehot,11,existing_HIS7_dev24,1.29396353244,1.26114045189625,True,False,0.44404977409466756,106
R1,HIS7,rf_onehot,12,existing_HIS7_dev24,1.43795038333,1.34135213412625,True,False,0.3821859577869968,104
R1,HIS7,rf_onehot,13,existing_HIS7_dev24,1.34460653777,1.2856721306725,True,False,0.4222910540473976,86
R1,HIS7,rf_onehot,14,existing_HIS7_dev24,1.19983331738,1.19109257703625,True,False,0.4844927332779482,82
R1,HIS7,rf_onehot,15,existing_HIS7_dev24,1.62104468296,1.36085235607375,True,False,0.3035196625712952,129
R1,HIS7,rf_onehot,16,existing_HIS7_dev24,1.7341178162200002,1.3924283168837497,True,False,0.25493789623574686,129
R1,HIS7,rf_onehot,17,existing_HIS7_dev24,1.5156151211500002,1.4049353616812503,True,False,0.34881737555617603,112
R1,HIS7,rf_onehot,18,existing_HIS7_dev24,1.28973280768,1.23339115427,True,False,0.4458675010453104,121
R1,HIS7,rf_onehot,19,existing_HIS7_dev24,1.35666251849,1.32593254666,True,False,0.41711121316567235,107
R1,HIS7,rf_onehot,20,existing_HIS7_dev24,1.30816858475,1.24402792883625,True,False,0.437946586606957,113
R1,HIS7,rf_onehot,21,existing_HIS7_dev24,1.31204211692,1.2951064812137503,True,False,0.43628232711975007,114
R1,HIS7,rf_onehot,22,existing_HIS7_dev24,1.39937449714,1.29270089678625,True,False,0.3987600513407681,109
R1,HIS7,rf_onehot,23,existing_HIS7_dev24,1.5391580821700002,1.4118548844799998,True,False,0.33870216429294336,113
R1,GRB2,bata,1,existing_GRB2_transfer24,0.651440709660567,0.5562107748857449,True,False,0.05046708459661045,330
R1,GRB2,bata,2,existing_GRB2_transfer24,0.544064178618847,0.4719999382366329,True,False,0.09200038441238573,312
R1,GRB2,bata,3,existing_GRB2_transfer24,0.651440709660567,0.5141672638512974,True,False,0.05046708459661045,327
R1,GRB2,bata,4,existing_GRB2_transfer24,0.651440709660567,0.6012911388340522,True,False,0.05046708459661045,346
R1,GRB2,bata,5,existing_GRB2_transfer24,0.651440709660567,0.6306907669964096,True,False,0.05046708459661045,333
R1,GRB2,bata,6,existing_GRB2_transfer24,0.5467042490670371,0.5052035733092931,True,False,0.09097920374659535,325
R1,GRB2,bata,7,existing_GRB2_transfer24,0.651440709660567,0.5173959607675479,True,False,0.05046708459661045,324
R1,GRB2,bata,8,existing_GRB2_transfer24,0.5467042490670371,0.46659552878079424,True,False,0.09097920374659535,345
R1,GRB2,bata,9,existing_GRB2_transfer24,0.5467042490670371,0.47970209528413965,True,False,0.09097920374659535,304
R1,GRB2,bata,10,existing_GRB2_transfer24,0.651440709660567,0.50075689751624,True,False,0.05046708459661045,352
R1,GRB2,bata,11,existing_GRB2_transfer24,0.5467042490670371,0.46527959216864934,True,False,0.09097920374659535,278
R1,GRB2,bata,12,existing_GRB2_transfer24,0.651440709660567,0.6041029141162986,True,False,0.05046708459661045,323
R1,GRB2,bata,13,existing_GRB2_transfer24,0.651440709660567,0.5853563969310357,True,False,0.05046708459661045,334
R1,GRB2,bata,14,existing_GRB2_transfer24,0.651440709660567,0.6188266890950924,True,False,0.05046708459661045,308
R1,GRB2,bata,15,existing_GRB2_transfer24,0.651440709660567,0.5432712688751093,True,False,0.05046708459661045,306
R1,GRB2,bata,16,existing_GRB2_transfer24,0.651440709660567,0.48555232110278423,True,False,0.05046708459661045,332
R1,GRB2,bata,17,existing_GRB2_transfer24,0.494985605608996,0.4618829402052565,True,False,0.110984002783858,333
R1,GRB2,bata,18,existing_GRB2_transfer24,0.5467042490670371,0.5244098909183247,True,False,0.09097920374659535,276
R1,GRB2,bata,19,existing_GRB2_transfer24,0.651440709660567,0.5085882753405913,True,False,0.05046708459661045,302
R1,GRB2,bata,20,existing_GRB2_transfer24,0.651440709660567,0.5933755976652946,True,False,0.05046708459661045,308
R1,GRB2,bata,21,existing_GRB2_transfer24,0.651440709660567,0.6134203672782764,True,False,0.05046708459661045,340
R1,GRB2,bata,22,existing_GRB2_transfer24,0.651440709660567,0.5174372393890755,True,False,0.05046708459661045,319
R1,GRB2,bata,23,existing_GRB2_transfer24,0.651440709660567,0.5765630093557069,True,False,0.05046708459661045,333
R1,GRB2,evolvepro650,0,existing_GRB2_transfer24,0.544064178618847,0.4604189318388547,True,False,0.09200038441238573,321
R1,GRB2,evolvepro650,1,existing_GRB2_transfer24,0.544064178618847,0.48669498073296263,True,False,0.09200038441238573,335
R1,GRB2,evolvepro650,2,existing_GRB2_transfer24,0.7329993807693149,0.5870654030627228,True,False,0.018920146854510184,328
R1,GRB2,evolvepro650,3,existing_GRB2_transfer24,0.651440709660567,0.5135072462392499,True,False,0.05046708459661045,343
R1,GRB2,evolvepro650,4,existing_GRB2_transfer24,0.651440709660567,0.5232619670166218,True,False,0.05046708459661045,341
R1,GRB2,evolvepro650,5,existing_GRB2_transfer24,0.5759848402475279,0.550026585669755,True,False,0.07965345536858189,333
R1,GRB2,evolvepro650,6,existing_GRB2_transfer24,0.544064178618847,0.454219987800892,True,False,0.09200038441238573,341
R1,GRB2,evolvepro650,7,existing_GRB2_transfer24,0.651440709660567,0.6037606185674731,True,False,0.05046708459661045,340
R1,GRB2,evolvepro650,8,existing_GRB2_transfer24,0.4860910571525379,0.45395969988883883,True,False,0.11442441889885134,347
R1,GRB2,evolvepro650,9,existing_GRB2_transfer24,0.7329993807693149,0.6415564919082356,True,False,0.018920146854510184,337
R1,GRB2,evolvepro650,10,existing_GRB2_transfer24,0.544064178618847,0.47664437254152414,True,False,0.09200038441238573,345
R1,GRB2,evolvepro650,11,existing_GRB2_transfer24,0.5467042490670371,0.47330842500158965,True,False,0.09097920374659535,311
R1,GRB2,evolvepro650,12,existing_GRB2_transfer24,0.651440709660567,0.5504146485954386,True,False,0.05046708459661045,346
R1,GRB2,evolvepro650,13,existing_GRB2_transfer24,0.651440709660567,0.6147050562114634,True,False,0.05046708459661045,331
R1,GRB2,evolvepro650,14,existing_GRB2_transfer24,0.544064178618847,0.4625492538093202,True,False,0.09200038441238573,340
R1,GRB2,evolvepro650,15,existing_GRB2_transfer24,0.544064178618847,0.4743197188149384,True,False,0.09200038441238573,353
R1,GRB2,evolvepro650,16,existing_GRB2_transfer24,0.544064178618847,0.4591717918380257,True,False,0.09200038441238573,344
R1,GRB2,evolvepro650,17,existing_GRB2_transfer24,0.651440709660567,0.5205536042245956,True,False,0.05046708459661045,321
R1,GRB2,evolvepro650,18,existing_GRB2_transfer24,0.544064178618847,0.47790956909549837,True,False,0.09200038441238573,322
R1,GRB2,evolvepro650,19,existing_GRB2_transfer24,0.532987825519794,0.5030999786990601,True,False,0.09628472373369999,333
R1,GRB2,evolvepro650,20,existing_GRB2_transfer24,0.5467042490670371,0.4340113763396326,True,False,0.09097920374659535,313
R1,GRB2,evolvepro650,21,existing_GRB2_transfer24,0.544064178618847,0.5194659026167716,True,False,0.09200038441238573,328
R1,GRB2,evolvepro650,22,existing_GRB2_transfer24,0.651440709660567,0.521703792267557,True,False,0.05046708459661045,321
R1,GRB2,evolvepro650,23,existing_GRB2_transfer24,0.544064178618847,0.4806261492872686,True,False,0.09200038441238573,333
R1,GRB2,reap100,0,existing_GRB2_transfer24,0.651440709660567,0.5936108606676057,True,False,0.05046708459661045,359
R1,GRB2,reap100,1,existing_GRB2_transfer24,0.651440709660567,0.5259292891055559,True,False,0.05046708459661045,341
R1,GRB2,reap100,2,existing_GRB2_transfer24,0.7329993807693149,0.6750427487116241,True,False,0.018920146854510184,355
R1,GRB2,reap100,3,existing_GRB2_transfer24,0.651440709660567,0.5343605705724548,True,False,0.05046708459661045,355
R1,GRB2,reap100,4,existing_GRB2_transfer24,0.651440709660567,0.5680061553507952,True,False,0.05046708459661045,357
R1,GRB2,reap100,5,existing_GRB2_transfer24,0.651440709660567,0.6045066518480271,True,False,0.05046708459661045,351
R1,GRB2,reap100,6,existing_GRB2_transfer24,0.5759848402475279,0.5019820583322281,True,False,0.07965345536858189,352
R1,GRB2,reap100,7,existing_GRB2_transfer24,0.651440709660567,0.6037606185674731,True,False,0.05046708459661045,340
R1,GRB2,reap100,8,existing_GRB2_transfer24,0.651440709660567,0.5415047793307844,True,False,0.05046708459661045,358
R1,GRB2,reap100,9,existing_GRB2_transfer24,0.5759848402475279,0.5290013879521214,True,False,0.07965345536858189,339
R1,GRB2,reap100,10,existing_GRB2_transfer24,0.651440709660567,0.5811186392221189,True,False,0.05046708459661045,363
R1,GRB2,reap100,11,existing_GRB2_transfer24,0.651440709660567,0.5012572288926437,True,False,0.05046708459661045,343
R1,GRB2,reap100,12,existing_GRB2_transfer24,0.651440709660567,0.5873995642085649,True,False,0.05046708459661045,359
R1,GRB2,reap100,13,existing_GRB2_transfer24,0.651440709660567,0.6147050562114634,True,False,0.05046708459661045,340
R1,GRB2,reap100,14,existing_GRB2_transfer24,0.544064178618847,0.47564604109252223,True,False,0.09200038441238573,332
R1,GRB2,reap100,15,existing_GRB2_transfer24,0.7329993807693149,0.5266219700032729,True,False,0.018920146854510184,354
R1,GRB2,reap100,16,existing_GRB2_transfer24,0.544064178618847,0.4733008144819997,True,False,0.09200038441238573,347
R1,GRB2,reap100,17,existing_GRB2_transfer24,0.651440709660567,0.5394047030965091,True,False,0.05046708459661045,349
R1,GRB2,reap100,18,existing_GRB2_transfer24,0.544064178618847,0.44758966568773056,True,False,0.09200038441238573,344
R1,GRB2,reap100,19,existing_GRB2_transfer24,0.544064178618847,0.4794700819969688,True,False,0.09200038441238573,359
R1,GRB2,reap100,20,existing_GRB2_transfer24,0.651440709660567,0.5133623317054435,True,False,0.05046708459661045,331
R1,GRB2,reap100,21,existing_GRB2_transfer24,0.651440709660567,0.5002010209650902,True,False,0.05046708459661045,360
R1,GRB2,reap100,22,existing_GRB2_transfer24,0.7329993807693149,0.5592618463298773,True,False,0.018920146854510184,346
R1,GRB2,reap100,23,existing_GRB2_transfer24,0.518300775727539,0.4532543833687651,True,False,0.10196568247312823,356
R1,GRB2,bata,0,existing_GRB2_transfer24,0.544064178618847,0.5265005287665309,True,False,0.09200038441238573,291
