stage,benchmark,arm,round,n,mean,sd,median,q25,q75
D1,TrpB,bata_m20_last,1,24,0.5367195650085819,0.11964457059802815,0.553329999389732,0.47027059480269795,0.6080188959419358
D1,TrpB,bata_m20_last,2,24,0.3981160180299743,0.2052416056251723,0.3786883823466615,0.29991729284361407,0.48763464177827903
D1,TrpB,bata_m20_last,3,24,0.21513259658950024,0.20202083658841197,0.17215357288675434,0.06401807073569632,0.32065969248864185
D1,TrpB,bata_m20_last,4,24,0.15185760125464667,0.20699914814822853,0.06696925728791324,0.012764680434402424,0.17256466926358371
D1,TrpB,bata_m20_ts,1,24,0.5367195650085819,0.11964457059802815,0.553329999389732,0.47027059480269795,0.6080188959419358
D1,TrpB,bata_m20_ts,2,24,0.3981160180299743,0.2052416056251723,0.3786883823466615,0.29991729284361407,0.48763464177827903
D1,TrpB,bata_m20_ts,3,24,0.21513259658950024,0.20202083658841197,0.17215357288675434,0.06401807073569632,0.32065969248864185
D1,TrpB,bata_m20_ts,4,24,0.15185760125464667,0.20699914814822853,0.06696925728791324,0.012764680434402424,0.17256466926358371
D1,TrpB,bata_m5_last,1,24,0.535401493401069,0.12597823738805458,0.5468475967380797,0.4262886447434451,0.6350226271835553
D1,TrpB,bata_m5_last,2,24,0.40022778679860255,0.2205513016861828,0.42426979629301803,0.23712271778346897,0.5263165649741244
D1,TrpB,bata_m5_last,3,24,0.2565917233175937,0.23278533337112028,0.23005437569764775,0.05905706568910062,0.4029018721874502
D1,TrpB,bata_m5_last,4,24,0.25447614406264135,0.2318001500326415,0.19959162424766852,0.12346536957960297,0.27116457201401084
D1,TrpB,bata_m5_ts,1,24,0.535401493401069,0.12597823738805458,0.5468475967380797,0.4262886447434451,0.6350226271835553
D1,TrpB,bata_m5_ts,2,24,0.40022778679860255,0.2205513016861828,0.42426979629301803,0.23712271778346897,0.5263165649741244
D1,TrpB,bata_m5_ts,3,24,0.2565917233175937,0.23278533337112028,0.23005437569764775,0.05905706568910062,0.4029018721874502
D1,TrpB,bata_m5_ts,4,24,0.25447614406264135,0.2318001500326415,0.19959162424766852,0.12346536957960297,0.27116457201401084
R1,HIS7,bata,1,24,0.5474146197710087,0.14554660463563246,0.5538462972861593,0.43292417311947395,0.6337315172283483
R1,HIS7,bata,2,24,0.5562112812735948,0.1570936092476877,0.5542152595730119,0.4689285934242902,0.6338840277492249
R1,HIS7,bata,3,24,0.4738586015384601,0.1730318516022995,0.49039117141711386,0.35340875613858885,0.6158516397903778
R1,HIS7,bata,4,24,0.4457126528309823,0.16679963435149267,0.4457952006078141,0.3296193462701793,0.5825840871634129
R1,GB1,bata,1,35,0.4661374730556122,0.1495588405732689,0.4713823061899268,0.39290257312171073,0.5386247457417097
R1,GB1,bata,2,35,0.33796255806486414,0.20690608575361685,0.3157988263190629,0.18717212721488508,0.4821974997204571
R1,GB1,bata,3,35,0.13878551956405852,0.1118284871789716,0.11708330349300883,0.06302922413597946,0.19966957803603136
R1,GB1,bata,4,35,0.08853077078647549,0.11954416385630992,0.04235376956721656,0.0,0.13302601950759138
R1,PABP,bata,1,35,0.4600914006635311,0.14086057320836268,0.4450534812475019,0.3722120440892016,0.5596192620241822
R1,PABP,bata,2,35,0.4542285848015258,0.1493460793585293,0.4467228456516462,0.35110875739335373,0.5746111552256694
R1,PABP,bata,3,35,0.3968424130353818,0.16075889580585273,0.3812635141758959,0.2621663057444115,0.5147021830344353
R1,PABP,bata,4,35,0.4029650361344675,0.19708483522249123,0.4343618396096535,0.28647896528426087,0.5458362250024009
R1,TrpB,bata,1,35,0.5175163713954353,0.14447337055081189,0.5121702565818849,0.43357750441875076,0.618799540854841
R1,TrpB,bata,2,35,0.4230588595217414,0.13707859220850183,0.40709353516598745,0.34163747693191693,0.5189075358811843
R1,TrpB,bata,3,35,0.2993538273448434,0.21178370358635176,0.27108160971309514,0.12653665397311423,0.42643239012896605
R1,TrpB,bata,4,35,0.16306172973739907,0.17946005027371864,0.13431269972338736,0.0,0.20392452367173386
R1,GRB2,bata,1,24,0.4944336894021569,0.0930134253022148,0.4801390714740461,0.4358037437487657,0.5730828110623498
R1,GRB2,bata,2,24,0.3427964227007996,0.13925626588504825,0.36550838123015916,0.21848942105689098,0.4462495697788076
R1,GRB2,bata,3,24,0.3717185899892805,0.1360848660951779,0.381580388924185,0.28713742379368706,0.45676377641800703
R1,GRB2,bata,4,24,0.3973940772483722,0.13079017930269018,0.39723961672890773,0.28991531966122214,0.4974966123743711
