cohort,benchmark,method,group,Final,Query_AUC
main35,GB1,EVOLVEpro-650M,0,0.7077333663997645,0.5725598124993381
main35,GB1,EVOLVEpro-650M,1,0.6209353905963313,0.552938660765278
main35,GB1,EVOLVEpro-650M,2,0.9181903148057718,0.5773428769275013
main35,GB1,EVOLVEpro-650M,3,0.6587599672965438,0.5858079877299168
main35,GB1,EVOLVEpro-650M,4,0.7077333663997645,0.6388671743185614
main35,GB1,EVOLVEpro-650M,5,0.8345908537078612,0.6869483508107922
main35,GB1,EVOLVEpro-650M,6,0.7077333663997645,0.5693451465521243
main35,GB1,EVOLVEpro-650M,7,0.6698481442895078,0.5559614016706664
main35,GB1,EVOLVEpro-650M,8,0.7907195088416814,0.3937777041088188
main35,GB1,EVOLVEpro-650M,9,1.0,0.8476454435528548
main35,GB1,EVOLVEpro-650M,10,0.6209353905963313,0.5283484469269644
main35,GB1,EVOLVEpro-650M,11,0.6587599672965438,0.5609006092296878
main35,GB1,EVOLVEpro-650M,12,0.8345908537078612,0.6518011708325053
main35,GB1,EVOLVEpro-650M,13,0.8311300290264457,0.6380380649428559
main35,GB1,EVOLVEpro-650M,14,0.6723293504313184,0.5286687686430256
main35,GB1,EVOLVEpro-650M,15,0.7352767757755749,0.6515691560278584
main35,GB1,EVOLVEpro-650M,16,0.6723293504313184,0.4126768577349923
main35,GB1,EVOLVEpro-650M,17,0.8311300290264457,0.5189345830192101
main35,GB1,EVOLVEpro-650M,18,0.6209353905963313,0.5137717992015147
main35,GB1,EVOLVEpro-650M,19,0.7849778591964844,0.7488872970823249
main35,GB1,EVOLVEpro-650M,20,0.7352767757755749,0.552336969137853
main35,GB1,EVOLVEpro-650M,21,0.6587599672965438,0.49880830904160756
main35,GB1,EVOLVEpro-650M,22,0.8624627606050047,0.7089436444402563
main35,GB1,EVOLVEpro-650M,23,0.8345908537078612,0.6939539370467945
main35,GB1,EVOLVEpro-650M,24,0.7907195088416814,0.5819986100245679
main35,GB1,EVOLVEpro-650M,25,0.687915107481905,0.5671867010910823
main35,GB1,EVOLVEpro-650M,26,0.6587599672965438,0.558535145766497
main35,GB1,EVOLVEpro-650M,27,0.8311300290264457,0.6951776924284033
main35,GB1,EVOLVEpro-650M,28,0.6723293504313184,0.6200249156312145
main35,GB1,EVOLVEpro-650M,29,0.6587599672965438,0.5063150041095071
main35,GB1,EVOLVEpro-650M,30,0.6209353905963313,0.4823592319699227
main35,GB1,EVOLVEpro-650M,31,0.6271281750844608,0.5516309458557641
main35,GB1,EVOLVEpro-650M,32,0.6466066646951943,0.4991071744135812
main35,GB1,EVOLVEpro-650M,33,0.7077333663997645,0.5828508850782694
main35,GB1,EVOLVEpro-650M,34,0.8311300290264457,0.7367442968210604
main35,GB1,RF,0,0.8311300290264457,0.5899824284674188
main35,GB1,RF,1,0.723981093746483,0.5841131349899006
main35,GB1,RF,2,1.0,0.6274295413507383
main35,GB1,RF,3,1.0,0.873396739221937
main35,GB1,RF,4,0.6587599672965438,0.514706022833103
main35,GB1,RF,5,0.8624627606050047,0.6958374845888577
main35,GB1,RF,6,1.0,0.7658770824620543
main35,GB1,RF,7,0.6271281750844608,0.5599318467158576
main35,GB1,RF,8,0.8624627606050047,0.5961307388169476
main35,GB1,RF,9,0.6587599672965438,0.5596555370988092
main35,GB1,RF,10,0.6587599672965438,0.6177602711691114
main35,GB1,RF,11,1.0,0.7219172713309481
main35,GB1,RF,12,0.8345908537078612,0.6954790757713283
main35,GB1,RF,13,0.8345908537078612,0.6911618251126138
main35,GB1,RF,14,0.8345908537078612,0.6674352141371828
main35,GB1,RF,15,0.8345908537078612,0.7414626102393159
main35,GB1,RF,16,0.723981093746483,0.43438401390773507
main35,GB1,RF,17,0.8345908537078612,0.6400391185806309
main35,GB1,RF,18,0.8345908537078612,0.5741899917662723
main35,GB1,RF,19,0.8345908537078612,0.7674921700240912
main35,GB1,RF,20,0.8345908537078612,0.674591002342888
main35,GB1,RF,21,0.8624627606050047,0.6501670506119821
main35,GB1,RF,22,0.8624627606050047,0.7370440777124864
main35,GB1,RF,23,0.8345908537078612,0.7011189132022319
main35,GB1,RF,24,0.8345908537078612,0.6227111245595597
main35,GB1,RF,25,0.8345908537078612,0.6766447322884828
main35,GB1,RF,26,0.6587599672965438,0.513845779804207
main35,GB1,RF,27,0.8345908537078612,0.7798954186519355
main35,GB1,RF,28,0.8345908537078612,0.668191256375315
main35,GB1,RF,29,0.6587599672965438,0.5391614941037838
main35,GB1,RF,30,0.8624627606050047,0.698610379687843
main35,GB1,RF,31,1.0,0.7810390995927684
main35,GB1,RF,32,1.0,0.7582091771212028
main35,GB1,RF,33,0.8345908537078612,0.6899334622603092
main35,GB1,RF,34,0.8311300290264457,0.6919560599222693
main35,PABP,ALDE,0,1.822900012,1.782085693875
main35,PABP,ALDE,1,2.236825435,1.704433538375
main35,PABP,ALDE,2,1.815219561,1.6672862703749998
main35,PABP,ALDE,3,1.566603964,1.533260703875
main35,PABP,ALDE,4,1.53284588,1.4967412310000001
main35,PABP,ALDE,5,1.787716235,1.6488888959999999
main35,PABP,ALDE,6,1.822900012,1.5697769208749999
main35,PABP,ALDE,7,1.719489488,1.5241251158750002
main35,PABP,ALDE,8,1.930733534,1.7752137798749998
main35,PABP,ALDE,9,1.822900012,1.7406004551249998
main35,PABP,ALDE,10,1.83326862,1.6019853432499997
main35,PABP,ALDE,11,1.591828179,1.5409035933750002
main35,PABP,ALDE,12,1.83326862,1.704430758375
main35,PABP,ALDE,13,1.817332016,1.71932632925
main35,PABP,ALDE,14,1.83326862,1.641575939375
main35,PABP,ALDE,15,2.042122007,1.4195348255
main35,PABP,ALDE,16,2.236825435,1.8062970553750002
main35,PABP,ALDE,17,1.59066115,1.496150700375
main35,PABP,ALDE,18,2.0996727180000003,1.9800458927500002
main35,PABP,ALDE,19,2.042122007,1.5599631445
main35,PABP,ALDE,20,1.817332016,1.639556410125
main35,PABP,ALDE,21,1.787716235,1.5391390584999998
main35,PABP,ALDE,22,1.498329669,1.474423135875
main35,PABP,ALDE,23,1.817332016,1.65496044775
main35,PABP,ALDE,24,2.0996727180000003,1.9878659128750005
main35,PABP,ALDE,25,1.705131517,1.577499163875
main35,PABP,ALDE,26,1.524170095,1.517537352
main35,PABP,ALDE,27,1.822900012,1.807010456875
main35,PABP,ALDE,28,1.83326862,1.750528422
main35,PABP,ALDE,29,1.850286303,1.8246894568750003
main35,PABP,ALDE,30,1.7925741590000002,1.7332339715000002
main35,PABP,ALDE,31,1.639885854,1.6003726242499998
main35,PABP,ALDE,32,1.797225364,1.797225364
main35,PABP,ALDE,33,1.822900012,1.60195637325
main35,PABP,ALDE,34,1.854210558,1.6889018748749998
main35,PABP,RF,0,2.128194918,1.9892207373750002
main35,PABP,RF,1,2.627942865,2.1201701276250002
main35,PABP,RF,2,2.236825435,1.816080158625
main35,PABP,RF,3,1.817332016,1.765525938125
main35,PABP,RF,4,1.822900012,1.7487557315
main35,PABP,RF,5,1.930733534,1.893023894625
main35,PABP,RF,6,1.598073364,1.5389061743749999
main35,PABP,RF,7,2.0996727180000003,1.9666638003750005
main35,PABP,RF,8,1.7552123030000002,1.5665458945
main35,PABP,RF,9,1.806536913,1.7303735182500002
main35,PABP,RF,10,2.0996727180000003,1.9291874080000002
main35,PABP,RF,11,2.081572091,1.970304788125
main35,PABP,RF,12,1.795697111,1.7166594064999998
main35,PABP,RF,13,2.236825435,1.765328760625
main35,PABP,RF,14,2.627942865,2.3431652425
main35,PABP,RF,15,1.964409118,1.7435023551250002
main35,PABP,RF,16,2.081572091,1.762529544375
main35,PABP,RF,17,1.792417538,1.7413955993749999
main35,PABP,RF,18,2.081572091,1.891850140125
main35,PABP,RF,19,1.854210558,1.7733411908749999
main35,PABP,RF,20,1.614159895,1.614159895
main35,PABP,RF,21,2.236825435,2.113887195
main35,PABP,RF,22,2.236825435,1.894794351875
main35,PABP,RF,23,1.822900012,1.7638733275
main35,PABP,RF,24,2.0996727180000003,1.9878659128750005
main35,PABP,RF,25,1.622132682,1.56829856825
main35,PABP,RF,26,1.827467137,1.7080007835
main35,PABP,RF,27,2.236825435,1.848158098
main35,PABP,RF,28,1.723869226,1.6273240989999997
main35,PABP,RF,29,1.850286303,1.8246894568750003
main35,PABP,RF,30,1.821032765,1.66645675175
main35,PABP,RF,31,2.081572091,1.791557141125
main35,PABP,RF,32,1.797225364,1.797225364
main35,PABP,RF,33,1.822900012,1.7293471815
main35,PABP,RF,34,2.236825435,1.9574148947499999
main35,TrpB,EVOLVEpro-650M,0,1.0,0.845037813375
main35,TrpB,EVOLVEpro-650M,1,1.0,0.7624784597500001
main35,TrpB,EVOLVEpro-650M,2,0.798137603,0.679417137125
main35,TrpB,EVOLVEpro-650M,3,0.794515883,0.695420605125
main35,TrpB,EVOLVEpro-650M,4,0.800478399,0.686651165875
main35,TrpB,EVOLVEpro-650M,5,1.0,0.889984151625
main35,TrpB,EVOLVEpro-650M,6,0.932033526,0.7228501529999999
main35,TrpB,EVOLVEpro-650M,7,0.800478399,0.6252962552500001
main35,TrpB,EVOLVEpro-650M,8,0.84792436,0.6851662297500001
main35,TrpB,EVOLVEpro-650M,9,0.895147379,0.695294852875
main35,TrpB,EVOLVEpro-650M,10,0.922559227,0.756026074625
main35,TrpB,EVOLVEpro-650M,11,0.932033526,0.7071869611249999
main35,TrpB,EVOLVEpro-650M,12,0.932033526,0.847371498
main35,TrpB,EVOLVEpro-650M,13,0.749107106,0.63409579125
main35,TrpB,EVOLVEpro-650M,14,0.832570233,0.7271281901250001
main35,TrpB,EVOLVEpro-650M,15,0.932033526,0.7888044021249999
main35,TrpB,EVOLVEpro-650M,16,0.746142028,0.64457303625
main35,TrpB,EVOLVEpro-650M,17,0.909769373,0.7186370741249999
main35,TrpB,EVOLVEpro-650M,18,0.752894791,0.6806247397499999
main35,TrpB,EVOLVEpro-650M,19,0.895147379,0.7577140335
main35,TrpB,EVOLVEpro-650M,20,0.932033526,0.7736632148749999
main35,TrpB,EVOLVEpro-650M,21,0.932033526,0.8380922518749999
main35,TrpB,EVOLVEpro-650M,22,0.932033526,0.861274775375
main35,TrpB,EVOLVEpro-650M,23,0.932033526,0.8365761585
main35,TrpB,EVOLVEpro-650M,24,0.932033526,0.778554936
main35,TrpB,EVOLVEpro-650M,25,0.932033526,0.8442780085
main35,TrpB,EVOLVEpro-650M,26,0.752894791,0.717407311125
main35,TrpB,EVOLVEpro-650M,27,0.800478399,0.6793041712500001
main35,TrpB,EVOLVEpro-650M,28,1.0,0.87794597675
main35,TrpB,EVOLVEpro-650M,29,0.909769373,0.709859394875
main35,TrpB,EVOLVEpro-650M,30,1.0,0.915061912125
main35,TrpB,EVOLVEpro-650M,31,0.909769373,0.6612680793750001
main35,TrpB,EVOLVEpro-650M,32,1.0,0.803492622875
main35,TrpB,EVOLVEpro-650M,33,1.0,0.8414207283749999
main35,TrpB,EVOLVEpro-650M,34,1.0,0.8396102827499999
main35,TrpB,RF,0,1.0,0.8550610076249999
main35,TrpB,RF,1,1.0,0.779324283
main35,TrpB,RF,2,1.0,0.8023543049999999
main35,TrpB,RF,3,0.752894791,0.6980650958750001
main35,TrpB,RF,4,0.672539825,0.613123647125
main35,TrpB,RF,5,1.0,0.900122808125
main35,TrpB,RF,6,1.0,0.7398102634999999
main35,TrpB,RF,7,0.749107106,0.6125934026250001
main35,TrpB,RF,8,0.672539825,0.583178253875
main35,TrpB,RF,9,0.752894791,0.573103368625
main35,TrpB,RF,10,0.672539825,0.611345828625
main35,TrpB,RF,11,1.0,0.836189499875
main35,TrpB,RF,12,1.0,0.852373461
main35,TrpB,RF,13,0.752894791,0.619471309125
main35,TrpB,RF,14,1.0,0.8452398475
main35,TrpB,RF,15,0.84792436,0.699089423375
main35,TrpB,RF,16,1.0,0.6955422195000001
main35,TrpB,RF,17,1.0,0.79310639475
main35,TrpB,RF,18,0.752894791,0.629032151
main35,TrpB,RF,19,0.932033526,0.753959546625
main35,TrpB,RF,20,1.0,0.793130031875
main35,TrpB,RF,21,0.88246645,0.712641075125
main35,TrpB,RF,22,0.922559227,0.713199329
main35,TrpB,RF,23,0.895147379,0.7920163058749999
main35,TrpB,RF,24,1.0,0.8960402185
main35,TrpB,RF,25,0.742180293,0.7126912743749999
main35,TrpB,RF,26,0.752894791,0.724007369375
main35,TrpB,RF,27,0.922559227,0.7420204605
main35,TrpB,RF,28,1.0,0.91026977
main35,TrpB,RF,29,0.841000643,0.6572643756250001
main35,TrpB,RF,30,1.0,0.924710815125
main35,TrpB,RF,31,1.0,0.58591677075
main35,TrpB,RF,32,1.0,0.846854656375
main35,TrpB,RF,33,0.752894791,0.71294515525
main35,TrpB,RF,34,1.0,0.8542333265
main35,GB1,ALDE,0,1.0,0.7332205209541853
main35,GB1,ALDE,1,1.0,0.7335870971171267
main35,GB1,ALDE,2,1.0,0.7836224280819071
main35,GB1,ALDE,3,1.0,0.7074132480627244
main35,GB1,ALDE,4,0.8345908537078612,0.5328645656757183
main35,GB1,ALDE,5,0.8622110018003477,0.787428226011184
main35,GB1,ALDE,6,1.0,0.7822355640376868
main35,GB1,ALDE,7,1.0,0.7031980243104253
main35,GB1,ALDE,8,0.8345908537078612,0.6389201563511585
main35,GB1,ALDE,9,1.0,0.7786978006131322
main35,GB1,ALDE,10,1.0,0.7457252834329073
main35,GB1,ALDE,11,1.0,0.7697468329502661
main35,GB1,ALDE,12,0.8624627606050047,0.7058681011565928
main35,GB1,ALDE,13,0.8622110018003477,0.7052112092871231
main35,GB1,ALDE,14,1.0,0.7294636439967348
main35,GB1,ALDE,15,0.8622110018003477,0.7449151287508767
main35,GB1,ALDE,16,1.0,0.5844027936235499
main35,GB1,ALDE,17,0.8345908537078612,0.6800948071988198
main35,GB1,ALDE,18,0.8622110018003477,0.6215369297037565
main35,GB1,ALDE,19,0.7352767757755749,0.593483768329895
main35,GB1,BATA,0,0.7849778591964844,0.6751436217624454
main35,GB1,BATA,1,0.8345908537078612,0.6220319330991453
main35,GB1,BATA,2,1.0,0.6088829620350888
main35,GB1,BATA,3,0.8345908537078612,0.6957022917369902
main35,GB1,BATA,4,1.0,0.6103438831345951
main35,GB1,BATA,5,0.8345908537078612,0.7839757074996232
main35,GB1,BATA,6,0.8624627606050047,0.7236467921622267
main35,GB1,BATA,7,0.6587599672965438,0.5527481116276132
main35,GB1,BATA,8,1.0,0.6599131909448335
main35,GB1,BATA,9,1.0,0.6405689454262569
main35,GB1,BATA,10,0.6895801554372128,0.5975258462739859
main35,GB1,BATA,11,0.6209353905963313,0.5515661498502454
main35,GB1,BATA,12,0.8345908537078612,0.7056322307530625
main35,GB1,BATA,13,0.8345908537078612,0.7017586907755623
main35,GB1,BATA,14,0.8345908537078612,0.6571600973101327
main35,GB1,BATA,15,0.8345908537078612,0.7120711812654245
main35,GB1,BATA,16,0.7352767757755749,0.48519965605135673
main35,GB1,BATA,17,0.8345908537078612,0.7269688537455277
main35,GB1,BATA,18,1.0,0.6218370409291639
main35,GB1,BATA,19,0.8345908537078612,0.7381668915035063
main35,GB1,REAP100-650M,0,0.8622110018003477,0.6373864186571745
main35,GB1,REAP100-650M,1,1.0,0.7453842309519548
main35,GB1,REAP100-650M,2,1.0,0.7308489556495701
main35,GB1,REAP100-650M,3,1.0,0.8415290377309144
main35,GB1,REAP100-650M,4,0.7352767757755749,0.5230188064720258
main35,GB1,REAP100-650M,5,0.8622110018003477,0.787428226011184
main35,GB1,REAP100-650M,6,0.9181903148057718,0.6447232772627522
main35,GB1,REAP100-650M,7,0.9181903148057718,0.6381654059607056
main35,GB1,REAP100-650M,8,0.8345908537078612,0.5033973498120957
main35,GB1,REAP100-650M,9,1.0,0.7056441466865526
main35,GB1,REAP100-650M,10,1.0,0.6604152752570434
main35,GB1,REAP100-650M,11,1.0,0.7604451777681107
main35,GB1,REAP100-650M,12,0.8345908537078612,0.6207804462689622
main35,GB1,REAP100-650M,13,0.8622110018003477,0.7236542887677351
main35,GB1,REAP100-650M,14,0.8345908537078612,0.6247158044527036
main35,GB1,REAP100-650M,15,0.8345908537078612,0.7538658588671601
main35,GB1,REAP100-650M,16,0.7352767757755749,0.4827593222165216
main35,GB1,REAP100-650M,17,0.8345908537078612,0.6619173955593509
main35,GB1,REAP100-650M,18,0.7077333663997645,0.5846477514143318
main35,GB1,REAP100-650M,19,0.8622110018003477,0.7833479371634963
main35,PABP,BATA,0,2.868778599,1.95806388775
main35,PABP,BATA,1,2.868778599,2.6644222048749997
main35,PABP,BATA,2,2.868778599,2.158464063625
main35,PABP,BATA,3,1.854210558,1.696223527375
main35,PABP,BATA,4,2.868778599,2.428282479375
main35,PABP,BATA,5,2.0996727180000003,1.8728347336250002
main35,PABP,BATA,6,2.868778599,1.8819935015
main35,PABP,BATA,7,1.974613841,1.8342478177500001
main35,PABP,BATA,8,1.960901245,1.5632398977500002
main35,PABP,BATA,9,1.822900012,1.7386803423750001
main35,PABP,BATA,10,1.964409118,1.8099870645000002
main35,PABP,BATA,11,2.868778599,1.9808333718750002
main35,PABP,BATA,12,2.128194918,2.035474427625
main35,PABP,BATA,13,2.868778599,2.685154000625
main35,PABP,BATA,14,2.627942865,2.1345814192500003
main35,PABP,BATA,15,2.308485747,2.1693494745
main35,PABP,BATA,16,2.627942865,1.8376590508750001
main35,PABP,BATA,17,2.868778599,1.8830004194999999
main35,PABP,BATA,18,1.964409118,1.8616902427500002
main35,PABP,BATA,19,1.964409118,1.649837135125
main35,PABP,EVOLVEpro-650M,0,2.868778599,2.452085538
main35,PABP,EVOLVEpro-650M,1,2.868778599,2.402952558125
main35,PABP,EVOLVEpro-650M,2,2.868778599,2.6814033571249998
main35,PABP,EVOLVEpro-650M,3,2.868778599,2.11083856575
main35,PABP,EVOLVEpro-650M,4,2.868778599,2.428282479375
main35,PABP,EVOLVEpro-650M,5,2.0996727180000003,1.924448593875
main35,PABP,EVOLVEpro-650M,6,2.868778599,2.6683225545
main35,PABP,EVOLVEpro-650M,7,1.974613841,1.7276573490000002
main35,PABP,EVOLVEpro-650M,8,2.042122007,1.6609075882500002
main35,PABP,EVOLVEpro-650M,9,2.868778599,2.115882998
main35,PABP,EVOLVEpro-650M,10,1.822900012,1.7227234097500002
main35,PABP,EVOLVEpro-650M,11,2.081572091,1.970304788125
main35,PABP,EVOLVEpro-650M,12,1.765268704,1.7179139903749998
main35,PABP,EVOLVEpro-650M,13,1.822900012,1.72984046475
main35,PABP,EVOLVEpro-650M,14,2.627942865,1.87439847925
main35,PABP,EVOLVEpro-650M,15,1.83326862,1.749183376125
main35,PABP,EVOLVEpro-650M,16,2.081572091,1.859061559875
main35,PABP,EVOLVEpro-650M,17,1.870398111,1.5526137315000001
main35,PABP,EVOLVEpro-650M,18,2.868778599,2.426921168375
main35,PABP,EVOLVEpro-650M,19,2.868778599,2.35698746425
main35,PABP,REAP100-650M,0,2.081572091,1.84428716025
main35,PABP,REAP100-650M,1,2.128194918,1.8002151775
main35,PABP,REAP100-650M,2,1.960901245,1.779669522125
main35,PABP,REAP100-650M,3,2.627942865,1.87640540275
main35,PABP,REAP100-650M,4,1.817332016,1.4841624660000001
main35,PABP,REAP100-650M,5,2.0996727180000003,2.040845680625
main35,PABP,REAP100-650M,6,2.868778599,2.14346314825
main35,PABP,REAP100-650M,7,1.822900012,1.7125289208749999
main35,PABP,REAP100-650M,8,1.822900012,1.7543586141249998
main35,PABP,REAP100-650M,9,2.081572091,1.7729344649999998
main35,PABP,REAP100-650M,10,1.822900012,1.69264432325
main35,PABP,REAP100-650M,11,2.081572091,1.8071248941250002
main35,PABP,REAP100-650M,12,2.081572091,1.9848169329999998
main35,PABP,REAP100-650M,13,1.960901245,1.737068558625
main35,PABP,REAP100-650M,14,2.128194918,1.8954900001250001
main35,PABP,REAP100-650M,15,1.822900012,1.587560228625
main35,PABP,REAP100-650M,16,2.081572091,1.847772327125
main35,PABP,REAP100-650M,17,2.128194918,1.779352246625
main35,PABP,REAP100-650M,18,2.0996727180000003,1.9800458927500002
main35,PABP,REAP100-650M,19,1.822900012,1.6677814683749999
main35,TrpB,ALDE,0,1.0,0.926397910875
main35,TrpB,ALDE,1,1.0,0.77375824475
main35,TrpB,ALDE,2,0.800478399,0.6918327023749999
main35,TrpB,ALDE,3,0.794515883,0.700643891625
main35,TrpB,ALDE,4,0.752894791,0.690886031375
main35,TrpB,ALDE,5,1.0,0.887615576875
main35,TrpB,ALDE,6,1.0,0.7929194772499999
main35,TrpB,ALDE,7,0.932033526,0.794151553375
main35,TrpB,ALDE,8,0.746142028,0.6185471119999999
main35,TrpB,ALDE,9,0.752894791,0.665140279625
main35,TrpB,ALDE,10,0.742180293,0.657293795125
main35,TrpB,ALDE,11,0.782724725,0.7277250645
main35,TrpB,ALDE,12,1.0,0.8693650795
main35,TrpB,ALDE,13,0.749107106,0.6081867575000001
main35,TrpB,ALDE,14,1.0,0.8452398475
main35,TrpB,ALDE,15,0.752894791,0.68742795275
main35,TrpB,ALDE,16,0.922559227,0.681048422375
main35,TrpB,ALDE,17,0.832570233,0.703552336625
main35,TrpB,ALDE,18,0.798137603,0.7345728507499999
main35,TrpB,ALDE,19,1.0,0.845598562875
main35,TrpB,BATA,0,0.922559227,0.8696333549999999
main35,TrpB,BATA,1,0.932033526,0.76375243475
main35,TrpB,BATA,2,0.922559227,0.7358036553749999
main35,TrpB,BATA,3,0.832570233,0.745416578375
main35,TrpB,BATA,4,0.895147379,0.7598344036249999
main35,TrpB,BATA,5,0.932033526,0.881488342375
main35,TrpB,BATA,6,1.0,0.7747529555
main35,TrpB,BATA,7,0.922559227,0.68359654725
main35,TrpB,BATA,8,0.932033526,0.67501224575
main35,TrpB,BATA,9,0.922559227,0.761034878125
main35,TrpB,BATA,10,0.922559227,0.754440974875
main35,TrpB,BATA,11,0.922559227,0.788808286
main35,TrpB,BATA,12,1.0,0.8409283562500001
main35,TrpB,BATA,13,1.0,0.7060932612499999
main35,TrpB,BATA,14,0.932033526,0.8066899445
main35,TrpB,BATA,15,0.922559227,0.7726673685
main35,TrpB,BATA,16,0.922559227,0.748289320375
main35,TrpB,BATA,17,0.922559227,0.8304912378749999
main35,TrpB,BATA,18,0.932033526,0.792331368375
main35,TrpB,BATA,19,0.932033526,0.771384595875
main35,TrpB,REAP100-650M,0,1.0,0.909406292375
main35,TrpB,REAP100-650M,1,1.0,0.8097465955
main35,TrpB,REAP100-650M,2,0.752894791,0.6680053136249999
main35,TrpB,REAP100-650M,3,0.832570233,0.7158055201250001
main35,TrpB,REAP100-650M,4,0.732172556,0.62477541625
main35,TrpB,REAP100-650M,5,1.0,0.926335963375
main35,TrpB,REAP100-650M,6,1.0,0.6975656367499999
main35,TrpB,REAP100-650M,7,0.922559227,0.6906553822499999
main35,TrpB,REAP100-650M,8,0.72526836,0.58976932075
main35,TrpB,REAP100-650M,9,1.0,0.7490754245
main35,TrpB,REAP100-650M,10,0.800478399,0.6994103923749999
main35,TrpB,REAP100-650M,11,0.932033526,0.745492145125
main35,TrpB,REAP100-650M,12,1.0,0.8719093022500001
main35,TrpB,REAP100-650M,13,0.73943435,0.5116839382499999
main35,TrpB,REAP100-650M,14,1.0,0.79572387175
main35,TrpB,REAP100-650M,15,0.752894791,0.6539294932499999
main35,TrpB,REAP100-650M,16,0.752894791,0.621426101875
main35,TrpB,REAP100-650M,17,1.0,0.79773914375
main35,TrpB,REAP100-650M,18,0.752894791,0.6759201535
main35,TrpB,REAP100-650M,19,1.0,0.803709392875
main35,GB1,ALDE,20,1.0,0.7137102251100174
main35,GB1,ALDE,21,1.0,0.7454356780264696
main35,GB1,ALDE,22,1.0,0.7991395180635253
main35,GB1,ALDE,23,1.0,0.7631473430617839
main35,GB1,ALDE,24,0.9181903148057718,0.7006616641062763
main35,GB1,ALDE,25,0.8622110018003477,0.6800972508000436
main35,GB1,ALDE,26,1.0,0.5918326125198865
main35,GB1,ALDE,27,1.0,0.8419238485114875
main35,GB1,ALDE,28,0.8622110018003477,0.7193430957822737
main35,GB1,ALDE,29,0.6587599672965438,0.55146191737424
main35,GB1,ALDE,30,1.0,0.7641927293637409
main35,GB1,ALDE,31,1.0,0.7071873094631312
main35,GB1,ALDE,32,1.0,0.7460291892406387
main35,GB1,ALDE,33,1.0,0.7933141786928959
main35,GB1,ALDE,34,0.8622110018003477,0.709109636317205
main35,GB1,BATA,20,0.8311300290264457,0.6966002981956907
main35,GB1,BATA,21,0.8624627606050047,0.7672571920858258
main35,GB1,BATA,22,1.0,0.7376546408224133
main35,GB1,BATA,23,0.8345908537078612,0.6824158945893042
main35,GB1,BATA,24,0.825004381071726,0.6770794781291483
main35,GB1,BATA,25,0.8345908537078612,0.6798836615269883
main35,GB1,BATA,26,1.0,0.570872456293499
main35,GB1,BATA,27,0.8345908537078612,0.6942973511981545
main35,GB1,BATA,28,0.8622110018003477,0.6868000867481374
main35,GB1,BATA,29,0.8622110018003477,0.57250082146978
main35,GB1,BATA,30,0.6989076464601929,0.61356375563326
main35,GB1,BATA,31,0.825004381071726,0.6681065370578531
main35,GB1,BATA,32,1.0,0.8132686915544332
main35,GB1,BATA,33,1.0,0.7298941413614918
main35,GB1,BATA,34,0.6587599672965438,0.5704021028320955
main35,GB1,REAP100-650M,20,0.8345908537078612,0.625251555439902
main35,GB1,REAP100-650M,21,1.0,0.7368644599689584
main35,GB1,REAP100-650M,22,0.8624627606050047,0.6702612958889462
main35,GB1,REAP100-650M,23,0.8345908537078612,0.6434223412116968
main35,GB1,REAP100-650M,24,1.0,0.7848870360973942
main35,GB1,REAP100-650M,25,0.7077333663997645,0.6326322009667098
main35,GB1,REAP100-650M,26,1.0,0.6246300355562591
main35,GB1,REAP100-650M,27,0.8345908537078612,0.7177543939804732
main35,GB1,REAP100-650M,28,0.8622110018003477,0.7014993826089702
main35,GB1,REAP100-650M,29,1.0,0.665005354336212
main35,GB1,REAP100-650M,30,1.0,0.5336722849167945
main35,GB1,REAP100-650M,31,1.0,0.718363137849647
main35,GB1,REAP100-650M,32,1.0,0.6929992566898507
main35,GB1,REAP100-650M,33,0.9181903148057718,0.6087939817445229
main35,GB1,REAP100-650M,34,0.8622110018003477,0.7605199320128447
main35,PABP,BATA,20,1.964409118,1.691247348375
main35,PABP,BATA,21,2.868778599,1.89337817425
main35,PABP,BATA,22,2.868778599,1.818574766125
main35,PABP,BATA,23,1.822900012,1.6838665039999998
main35,PABP,BATA,24,2.627942865,2.26396794725
main35,PABP,BATA,25,2.308485747,1.9855537998750001
main35,PABP,BATA,26,1.964409118,1.7415146216250001
main35,PABP,BATA,27,2.868778599,2.20079714975
main35,PABP,BATA,28,2.042122007,1.8258095701250001
main35,PABP,BATA,29,2.868778599,1.7984199171250002
main35,PABP,BATA,30,2.128194918,1.659012770875
main35,PABP,BATA,31,2.308485747,2.204625302875
main35,PABP,BATA,32,2.868778599,1.9311695183750002
main35,PABP,BATA,33,2.868778599,1.9202747908750002
main35,PABP,BATA,34,1.964409118,1.891244900875
main35,PABP,EVOLVEpro-650M,20,1.854210558,1.741956095875
main35,PABP,EVOLVEpro-650M,21,2.128194918,1.667586253375
main35,PABP,EVOLVEpro-650M,22,2.868778599,2.341356739125
main35,PABP,EVOLVEpro-650M,23,2.372511545,1.894230069125
main35,PABP,EVOLVEpro-650M,24,1.822900012,1.703644975375
main35,PABP,EVOLVEpro-650M,25,2.868778599,2.312772413375
main35,PABP,EVOLVEpro-650M,26,2.081572091,1.625470183
main35,PABP,EVOLVEpro-650M,27,2.868778599,1.9271522435000001
main35,PABP,EVOLVEpro-650M,28,2.081572091,1.708344608375
main35,PABP,EVOLVEpro-650M,29,2.868778599,2.104236683375
main35,PABP,EVOLVEpro-650M,30,2.128194918,1.8158664333749999
main35,PABP,EVOLVEpro-650M,31,1.785928519,1.747387728375
main35,PABP,EVOLVEpro-650M,32,2.868778599,2.466946135875
main35,PABP,EVOLVEpro-650M,33,1.556019656,1.556019656
main35,PABP,EVOLVEpro-650M,34,2.868778599,2.6825681967499997
main35,PABP,REAP100-650M,20,2.068643072,1.784301898875
main35,PABP,REAP100-650M,21,1.822900012,1.5682014398749997
main35,PABP,REAP100-650M,22,1.7745712619999998,1.61801320175
main35,PABP,REAP100-650M,23,1.960901245,1.783907479625
main35,PABP,REAP100-650M,24,1.822900012,1.775034401625
main35,PABP,REAP100-650M,25,1.822900012,1.6616308055
main35,PABP,REAP100-650M,26,1.822900012,1.688362875875
main35,PABP,REAP100-650M,27,1.822900012,1.807010456875
main35,PABP,REAP100-650M,28,2.128194918,1.60775820525
main35,PABP,REAP100-650M,29,1.870398111,1.8422872888750002
main35,PABP,REAP100-650M,30,1.822900012,1.660688360375
main35,PABP,REAP100-650M,31,2.308485747,1.9969044146250001
main35,PABP,REAP100-650M,32,1.822900012,1.813272019
main35,PABP,REAP100-650M,33,1.822900012,1.7867559695
main35,PABP,REAP100-650M,34,1.822900012,1.750502505875
main35,TrpB,ALDE,20,1.0,0.776138413375
main35,TrpB,ALDE,21,0.800478399,0.7159766615
main35,TrpB,ALDE,22,0.832570233,0.7421333215
main35,TrpB,ALDE,23,0.761709608,0.708617699
main35,TrpB,ALDE,24,1.0,0.866133178
main35,TrpB,ALDE,25,1.0,0.84121832575
main35,TrpB,ALDE,26,0.798137603,0.738402345625
main35,TrpB,ALDE,27,1.0,0.850747697625
main35,TrpB,ALDE,28,1.0,0.91026977
main35,TrpB,ALDE,29,1.0,0.7510148265000001
main35,TrpB,ALDE,30,1.0,0.907719196625
main35,TrpB,ALDE,31,1.0,0.749678751
main35,TrpB,ALDE,32,1.0,0.899256314625
main35,TrpB,ALDE,33,0.800478399,0.7075450542499999
main35,TrpB,ALDE,34,1.0,0.8453528819999999
main35,TrpB,BATA,20,0.932033526,0.792871798125
main35,TrpB,BATA,21,0.922559227,0.83088389125
main35,TrpB,BATA,22,0.922559227,0.748360727
main35,TrpB,BATA,23,0.922559227,0.761745140875
main35,TrpB,BATA,24,0.922559227,0.8269007811250001
main35,TrpB,BATA,25,0.922559227,0.742085821875
main35,TrpB,BATA,26,0.752894791,0.7273837508750001
main35,TrpB,BATA,27,0.932033526,0.806234566875
main35,TrpB,BATA,28,0.932033526,0.8591712734999999
main35,TrpB,BATA,29,0.932033526,0.74611189625
main35,TrpB,BATA,30,0.932033526,0.886831618375
main35,TrpB,BATA,31,0.88246645,0.65549782675
main35,TrpB,BATA,32,0.895147379,0.8041936812499999
main35,TrpB,BATA,33,0.88246645,0.8075115348749999
main35,TrpB,BATA,34,0.922559227,0.7832464748749999
main35,TrpB,REAP100-650M,20,1.0,0.740295857875
main35,TrpB,REAP100-650M,21,1.0,0.866777143125
main35,TrpB,REAP100-650M,22,0.752894791,0.6996671785
main35,TrpB,REAP100-650M,23,0.832570233,0.7199763096249999
main35,TrpB,REAP100-650M,24,1.0,0.863827814
main35,TrpB,REAP100-650M,25,1.0,0.79553123325
main35,TrpB,REAP100-650M,26,0.73943435,0.65737264625
main35,TrpB,REAP100-650M,27,0.932033526,0.698296488875
main35,TrpB,REAP100-650M,28,1.0,0.91026977
main35,TrpB,REAP100-650M,29,0.752894791,0.654035126375
main35,TrpB,REAP100-650M,30,1.0,0.9340478141249999
main35,TrpB,REAP100-650M,31,0.73943435,0.5985542934999999
main35,TrpB,REAP100-650M,32,0.800478399,0.709035646
main35,TrpB,REAP100-650M,33,0.756122223,0.71334858425
main35,TrpB,REAP100-650M,34,1.0,0.8712249449999999
