cohort,benchmark,method,n,Final_mean,Final_sd,Query_AUC_mean,Query_AUC_sd
sensitivity70,GB1,BATA,70,0.8662480212419587,0.11472451258662356,0.6816270170576338,0.08776807477045978
sensitivity70,GB1,ALDE,70,0.9422906290443397,0.10147228858762487,0.7524654407180222,0.09753729649300084
sensitivity70,GB1,EVOLVEpro-650M,70,0.7908760168262539,0.110624289958956,0.6374445116299304,0.10497663486676234
sensitivity70,GB1,REAP100-650M,70,0.9343249822561768,0.07689225213048435,0.7188445044717389,0.09315392505840009
sensitivity70,GB1,RF,70,0.8238129131577074,0.12135384099268644,0.6850199203452656,0.11902691493362717
sensitivity70,TrpB,BATA,70,0.9181251547857142,0.04410544465383834,0.791080156430357,0.051766849774898045
sensitivity70,TrpB,ALDE,70,0.9090656694714285,0.10318432455746353,0.7733901031160714,0.09061806446702642
sensitivity70,TrpB,EVOLVEpro-650M,70,0.9082363876285715,0.07836489724666912,0.7656017090428573,0.0831418256568701
sensitivity70,TrpB,REAP100-650M,70,0.9232214423857144,0.10449007180498664,0.7687474123553572,0.09597559204101205
sensitivity70,TrpB,RF,70,0.8915652866,0.1387446568830828,0.7468670122392858,0.11279616594273874
