benchmark,round,n_campaigns,fine_branch_count,fine_branch_fraction,cohort,uncertainty
GB1,1,10,0,0.0,G20_fresh_confirmation10,"none; descriptive proportion, rounds not independent samples"
GB1,2,10,0,0.0,G20_fresh_confirmation10,"none; descriptive proportion, rounds not independent samples"
GB1,3,10,3,0.3,G20_fresh_confirmation10,"none; descriptive proportion, rounds not independent samples"
GB1,4,10,9,0.9,G20_fresh_confirmation10,"none; descriptive proportion, rounds not independent samples"
PABP,1,10,0,0.0,G20_fresh_confirmation10,"none; descriptive proportion, rounds not independent samples"
PABP,2,10,0,0.0,G20_fresh_confirmation10,"none; descriptive proportion, rounds not independent samples"
PABP,3,10,1,0.1,G20_fresh_confirmation10,"none; descriptive proportion, rounds not independent samples"
PABP,4,10,1,0.1,G20_fresh_confirmation10,"none; descriptive proportion, rounds not independent samples"
TrpB,1,10,0,0.0,G20_fresh_confirmation10,"none; descriptive proportion, rounds not independent samples"
TrpB,2,10,0,0.0,G20_fresh_confirmation10,"none; descriptive proportion, rounds not independent samples"
TrpB,3,10,5,0.5,G20_fresh_confirmation10,"none; descriptive proportion, rounds not independent samples"
TrpB,4,10,7,0.7,G20_fresh_confirmation10,"none; descriptive proportion, rounds not independent samples"
HIS7,1,10,0,0.0,G20_fresh_confirmation10,"none; descriptive proportion, rounds not independent samples"
HIS7,2,10,0,0.0,G20_fresh_confirmation10,"none; descriptive proportion, rounds not independent samples"
HIS7,3,10,0,0.0,G20_fresh_confirmation10,"none; descriptive proportion, rounds not independent samples"
HIS7,4,10,0,0.0,G20_fresh_confirmation10,"none; descriptive proportion, rounds not independent samples"
GRB2,1,10,0,0.0,G20_fresh_confirmation10,"none; descriptive proportion, rounds not independent samples"
GRB2,2,10,1,0.1,G20_fresh_confirmation10,"none; descriptive proportion, rounds not independent samples"
GRB2,3,10,2,0.2,G20_fresh_confirmation10,"none; descriptive proportion, rounds not independent samples"
GRB2,4,10,1,0.1,G20_fresh_confirmation10,"none; descriptive proportion, rounds not independent samples"
