benchmark,arm,method,cohort,n,Final_mean,Final_sd,Final_ci95_low,Final_ci95_high,Query_AUC_mean,Query_AUC_sd,Query_AUC_ci95_low,Query_AUC_ci95_high,Final_task_rank,rank_tie_policy
GB1,bata,BATA,G20_fresh_confirmation10,10,0.8802401502245744,0.12881936190518042,0.8017422189847945,0.951230622215474,0.6793377513639276,0.09028602247451907,0.6226593364463452,0.7285125259540278,1,"frozen release: descending mean, then ascending arm ID"
GB1,fine_m20,fine_m20,G20_fresh_confirmation10,10,0.8549214590073714,0.09606319484137395,0.8001062698185037,0.9086944741843211,0.6810601643965747,0.11409509650492966,0.6190977771149917,0.7539671414782947,2,"frozen release: descending mean, then ascending arm ID"
GB1,g20,g20,G20_fresh_confirmation10,10,0.8518558896757218,0.13075588733294866,0.77373856885185,0.9283453336329763,0.6705282950851708,0.08489097925973717,0.6180114748414851,0.7163930218003242,3,"frozen release: descending mean, then ascending arm ID"
PABP,bata,BATA,G20_fresh_confirmation10,10,2.3131717116,0.46510229188768165,2.0440839415000003,2.5886755681,1.929656802725,0.2198954282699715,1.8042303077446877,2.0604315108374998,1,"frozen release: descending mean, then ascending arm ID"
PABP,fine_m20,fine_m20,G20_fresh_confirmation10,10,2.0829548265000004,0.3937958389651769,1.871125006745,2.3337194227999998,1.8487129701875002,0.18817098414990877,1.74654370115,1.9654693135271875,3,"frozen release: descending mean, then ascending arm ID"
PABP,g20,g20,G20_fresh_confirmation10,10,2.2571424264,0.422533550832259,2.0180234545575,2.5107671862350007,1.922653142075,0.21305018279853297,1.8012295640109377,2.0531973036109377,2,"frozen release: descending mean, then ascending arm ID"
TrpB,bata,BATA,G20_fresh_confirmation10,10,0.9399422414,0.03188865948273388,0.9235066569000001,0.9622270434000001,0.8155283831,0.05449280829947329,0.7824467572212499,0.8465813305015625,3,"frozen release: descending mean, then ascending arm ID"
TrpB,fine_m20,fine_m20,G20_fresh_confirmation10,10,0.9664545450999998,0.06480292945805359,0.9261124428,1.0,0.8055974045125002,0.11939630611421632,0.7301321790596875,0.8678950627328125,1,"frozen release: descending mean, then ascending arm ID"
TrpB,g20,g20,G20_fresh_confirmation10,10,0.955430396,0.03853235359216878,0.933145594,0.9777151980000001,0.819637279225,0.05927866881146201,0.7840306207587499,0.8539741306146875,2,"frozen release: descending mean, then ascending arm ID"
HIS7,bata,BATA,G20_fresh_confirmation10,10,1.413812298849,0.16812083398981947,1.3209105080599755,1.5204964187877497,1.324474780455125,0.10143505425810193,1.2705612319745188,1.3889217534683032,1,"frozen release: descending mean, then ascending arm ID"
HIS7,fine_m20,fine_m20,G20_fresh_confirmation10,10,1.322662933432,0.09527999893455245,1.27006212401865,1.380538023069875,1.2664833423442499,0.06119898456433552,1.231074735694572,1.302767984224,3,"frozen release: descending mean, then ascending arm ID"
HIS7,g20,g20,G20_fresh_confirmation10,10,1.413812298849,0.16812083398981947,1.3197372623640002,1.520486062833975,1.324474780455125,0.10143505425810193,1.2705525793259282,1.3873237698203373,2,"frozen release: descending mean, then ascending arm ID"
GRB2,bata,BATA,G20_fresh_confirmation10,10,0.6276412288359428,0.04305300157404426,0.597646385010843,0.6500146153076078,0.5293231239602441,0.04871418815776765,0.5024682458150386,0.5593197692987313,1,"frozen release: descending mean, then ascending arm ID"
GRB2,fine_m20,fine_m20,G20_fresh_confirmation10,10,0.5964024002733781,0.059176068835316675,0.5616131006717315,0.6299654034522231,0.5369983904202071,0.052058782908817366,0.5057258736705917,0.5663931544073749,3,"frozen release: descending mean, then ascending arm ID"
GRB2,g20,g20,G20_fresh_confirmation10,10,0.6276412288359428,0.04305300157404426,0.597646385010843,0.6500146153076078,0.5400650634876747,0.04487705408173535,0.5154260859703339,0.5678550129869102,2,"frozen release: descending mean, then ascending arm ID"
