benchmark,group,cohort,identity_sha256,bata_Final,fine_Final,difference
GB1,0,original_main35,f8c57ea7966d5af9d90cf39223b1aed83071148f244a5d6dee36e2fc64b635fe,0.7849778591964844,0.8345908537078612,0.049612994511376796
GB1,1,original_main35,790bc3c8e8a81199328f430607ebf209cbca7e784b49781346b58fff76b144f4,0.8345908537078612,0.6666978094121851,-0.16789304429567609
GB1,2,original_main35,b4d5e77a11cec6981af1d12ff8ac33a64cd130987c3c6dd8673fde46cedcc34f,1.0,1.0,0.0
GB1,3,original_main35,e996d2b02c4d4d1a38dc461957838d4231f461dafdcf9fce0d7577988ca037ea,0.8345908537078612,0.8345908537078612,0.0
GB1,4,original_main35,760c8b1d9e68bbab363fd840c8d5f1bffb81f54a4ce632cb4353e411cca8ef34,1.0,0.6473333722914105,-0.3526666277085895
GB1,5,original_main35,dad88343fed4cce94b44dc99c5efd6b95ac019faaa9d26127024a04cfcab05c4,0.8345908537078612,0.8622110018003477,0.027620148092486474
GB1,6,original_main35,bca8a6a6096b98a03684657b01b839e8984f3bf76321c1aa4694a4033c8eca25,0.8624627606050047,0.8624627606050047,0.0
GB1,7,original_main35,d67e129044eec7ed0f0e3c68f3cb08c0656b53200a6806211b7386693fa3236f,0.6587599672965438,1.0,0.34124003270345615
GB1,8,original_main35,97cd34b42ba214aa246188b582da57865e61f6c50751d1be8f83b082f09346ad,1.0,0.8311300290264457,-0.16886997097355427
GB1,9,original_main35,1bad2dad0ba1cc7d69134e9e0c7b09a082ae6043df6df996608d521ef2f51c2e,1.0,0.8345908537078612,-0.16540914629213876
GB1,10,original_main35,fd5f92024740c5dacee4eb466b79a02a998897191dc2d97848dbe18584faf500,0.6895801554372128,0.6587599672965438,-0.030820188140669003
GB1,11,original_main35,a9fab25de0b2cb9fe80d5a7effaa8acf9e7a3e4a913af0bb0cd9d78017b7cbdd,0.6209353905963313,1.0,0.3790646094036687
GB1,12,original_main35,de2286285690d85d7b32f30a7e5046ea00e95c6e961d4a68c0afca818c5c44a3,0.8345908537078612,0.8311300290264457,-0.0034608246814155086
GB1,13,original_main35,ae521d056cbd2a04cdd9628809e93d834edb438e0b4ed54c07ad81796ce341b1,0.8345908537078612,0.6260269025642482,-0.20856395114361304
GB1,14,original_main35,b478ee0fcd01867d941c100bab9024a7299e0e2ddce5b03e8872fc4ae3f19982,0.8345908537078612,0.8345908537078612,0.0
GB1,15,original_main35,cd8d10034047e64d183d307df01cbe40a530ac2a5946b4c22a75c24e521182fc,0.8345908537078612,0.8622110018003477,0.027620148092486474
GB1,16,original_main35,87577044334c1be3dab204e51a686c8148272608a33331c454229cbbd9e6f2bf,0.7352767757755749,0.8624627606050047,0.12718598482942978
GB1,17,original_main35,ef5b92d31c7c533daf6589882842f42aef77fdc4221e964bbf7b1237fc2604ba,0.8345908537078612,0.8345908537078612,0.0
GB1,18,original_main35,e9f0de1529150fedc5bc2c3d5a611f79dbbbaed621dd8331eeb9c4a5caf500b1,1.0,0.8622110018003477,-0.1377889981996523
GB1,19,original_main35,8a95cb2862771c5e46d2f1a25277b06f3412ca4c7c3a1faaeb893a5178a037f6,0.8345908537078612,0.8345908537078612,0.0
GB1,20,original_main35,2ab7064ef6c9035587cc49ed7a6872de9bf3689ef5fa63680d1704934015e580,0.8311300290264457,0.8345908537078612,0.0034608246814155086
GB1,21,original_main35,415aeb893b295f24230d8c3636e0e33ae172fef81578eb327fea7c2f088a375f,0.8624627606050047,0.8624627606050047,0.0
GB1,22,original_main35,a430a3420808f831cbdc29337ff22ed9c4f7ab05ed39cac227975c9ab2a449a9,1.0,1.0,0.0
GB1,23,original_main35,1d744a536d2275abecfe2bbd83631d3925c8764c5c0c2ac6f89936f44cbff8e1,0.8345908537078612,0.8622110018003477,0.027620148092486474
GB1,24,original_main35,03e4c629adf2b15b9c08f89065a85304144bf99e2dde1e212ef44e5ef7dac9c9,0.825004381071726,0.8624627606050047,0.037458379533278685
GB1,25,original_main35,74c3ccc217f8099adaebd44734fbb7d30458c733a1839ebb0a3eb99e2eb95ab9,0.8345908537078612,0.8345908537078612,0.0
GB1,26,original_main35,950ff472e60a9337df54f3ae8aa225818e0a8ddf59237141d6b14e7ae547bedc,1.0,0.8345908537078612,-0.16540914629213876
GB1,27,original_main35,aba41519d3313794034444b18aed1401ff9670947bfb99414f9b34e1328b52bf,0.8345908537078612,0.8345908537078612,0.0
GB1,28,original_main35,4edb87ba952c33d286611bb2d75a7d35edaae0ab949fb2654344e7cd976a2f39,0.8622110018003477,0.8624627606050047,0.0002517588046569985
GB1,29,original_main35,3aceeade09148814a88262061260bdef276bc9183e8f4c9cf13c66d3c60153fb,0.8622110018003477,0.6587599672965438,-0.20345103450380386
GB1,30,original_main35,60d20052eafb133c217859f665d195bae9c10b2dbfe2517a5db6e37bdead7ee0,0.6989076464601929,0.6271281750844608,-0.07177947137573204
GB1,31,original_main35,538e6fc12894a8fd089df70852aef4695a8d8427ee38b3aee345e4b6c491c55e,0.825004381071726,1.0,0.17499561892827398
GB1,32,original_main35,2ce15f248f5ac8cf7790746b8bbd079e7c72a0b27459fc4ab4dee5c58c428c0e,1.0,1.0,0.0
GB1,33,original_main35,dbe0b6bc889e72a6e524c5f620cceb917b807edc888b18790680f70176989dca,1.0,1.0,0.0
GB1,34,original_main35,445d9de7c9d63a412a312141fdc7160f06207621e266bfa49926ef96ee6c4a52,0.6587599672965438,0.8622110018003477,0.20345103450380386
PABP,0,original_main35,6d1024394e7bda73a5dc29c25c5f82b49180dd60afb53557620c93277cd053a4,2.868778599,2.128194918,-0.7405836809999999
PABP,1,original_main35,7408ecda789e04e885e9cbacad2c8e2ac1c8902d85233dd7fa8ab0898f81d826,2.868778599,2.868778599,0.0
PABP,2,original_main35,f85835ad90acfa544268e9cb92fe45f46926b901efd8348b470f535e37c7c194,2.868778599,2.868778599,0.0
PABP,3,original_main35,8ef5ac795423b62c1dfc2c57262025f28ba97724b2c939701a2d63d56a779d5f,1.854210558,2.081572091,0.22736153300000006
PABP,4,original_main35,7d1d2fb7002c446d2dcd8125a75dabc00bd4980e6266c01ba8a355cb372a9e16,2.868778599,1.822900012,-1.045878587
PABP,5,original_main35,f4567b40bae0771478a88098caaf76f85a30b5abe17ea1d22c784974cd4ce20c,2.0996727180000003,1.964409118,-0.13526360000000026
PABP,6,original_main35,d12b4c1a7743249e4d6767356099c86e65f7a866afe499918d4750ab748f5e4a,2.868778599,2.868778599,0.0
PABP,7,original_main35,704b7d248326d1984b89ae351626a4d63106b880974bf85db98d22a50501358c,1.974613841,1.792417538,-0.182196303
PABP,8,original_main35,30551465482550fcd633f07ed174b26da99b62e7fea612ddb439d3bcbf32f55e,1.960901245,2.081572091,0.12067084599999989
PABP,9,original_main35,6ab0a49ae02cd056cee51e0c019bfeac73144ab9f3a464e9d22a30e0b84eb58f,1.822900012,2.868778599,1.045878587
PABP,10,original_main35,8bed3776559f03b9d1cc87d5bc5d044117f04fba9c3d9299ff8f2e3020593b64,1.964409118,1.787716235,-0.17669288300000008
PABP,11,original_main35,5f4c1067e18f3bdccbea32c43f39ea124762a0612a90bbbd2b8e0392cbd1db23,2.868778599,2.868778599,0.0
PABP,12,original_main35,a621d51ed012040650e3e49a3463633bd80014848b427314bb61fecd51606dc3,2.128194918,2.0996727180000003,-0.02852219999999983
PABP,13,original_main35,ac7478bc18a8780f12753c677375f2d4dcbb8b2617e35505f963668afa71a4a1,2.868778599,2.128194918,-0.7405836809999999
PABP,14,original_main35,610361bdf35838f6c0f790c82f4b69fcd9c819c14d9a7eb2417f55eca8491430,2.627942865,2.627942865,0.0
PABP,15,original_main35,4c333bbf60a9c87ddd0e545ee3ed9bba9cf103ebb15f9b103279828751a4acc5,2.308485747,1.815219561,-0.4932661860000003
PABP,16,original_main35,fb239d18290b1e2912c4627934d726b178c78e0f9f8db73cde9e4c0364d1c46c,2.627942865,1.795697111,-0.8322457540000001
PABP,17,original_main35,0313808fff9e405df5ec61d8165a85e26ab384aea7716c393d3af178e71a8acb,2.868778599,2.042122007,-0.826656592
PABP,18,original_main35,fba6315c20b88b57f9339b5449b42968e975dfeaea2bfba9d90e6938ffe6e65c,1.964409118,2.868778599,0.904369481
PABP,19,original_main35,a951b9cd6e315ac381b7688541f672a5c4c3cc1b68a44b81991889447ed20a36,1.964409118,1.827467137,-0.1369419810000001
PABP,20,original_main35,887c3e02041eeab3b4731471e6056c517c505721b3f94217f05c7489bc10909b,1.964409118,2.0996727180000003,0.13526360000000026
PABP,21,original_main35,5edbe1e2675db83bb3a27fbefcb70df325f0dad2b4efe9c2efc32e2797add9e4,2.868778599,2.868778599,0.0
PABP,22,original_main35,ff4e29086e6f66e9a6ac81a756ab137e6bb23940e1d3fb1f21fbee5ba51bf7e5,2.868778599,2.868778599,0.0
PABP,23,original_main35,b6ac3fa04d377d303e7f47c1fc258a2125b337052fef6cbc83fea7992eda87fd,1.822900012,1.822900012,0.0
PABP,24,original_main35,472d16e7e1145bd848acb5c0ef3e7305ec1a0ab011afa49d993502940bd7600e,2.627942865,2.868778599,0.24083573400000002
PABP,25,original_main35,fd5a79ba28bed25f1cbc6ae4f4beb30fb85219e38da86e6e23410861ea500aa6,2.308485747,2.868778599,0.5602928519999999
PABP,26,original_main35,c5cdda905725c899d62aff359f7360347654b550cd46f1d2ef264302a6a374ff,1.964409118,1.930733534,-0.033675584000000036
PABP,27,original_main35,38c7f6f715f3ead682e36dc57b7dc6add16408f6dec5aedb0bd571639d0fb9e4,2.868778599,1.822900012,-1.045878587
PABP,28,original_main35,244be8d8ca8c117fce7a00c4dee564f1f8111f284abe417c0e342002f2bc1908,2.042122007,2.128194918,0.08607291100000003
PABP,29,original_main35,40e60b342439540f8961dc6a8b47ade5df446fb82d434563d03eac7cd31ed882,2.868778599,2.868778599,0.0
PABP,30,original_main35,9f0ff37d857d8b75e2bb249b595ffa05a9968751a992e3507c131d0f21060091,2.128194918,2.042122007,-0.08607291100000003
PABP,31,original_main35,3f7ca230885b651a294072bf1662e387ad78ba3bc82cb3a6a796fdea59960a53,2.308485747,2.372511545,0.06402579799999986
PABP,32,original_main35,a353ae93039080f4483287878de8deb82c7e4bdc41c9f28fd27cdc9ae69129e7,2.868778599,1.870398111,-0.998380488
PABP,33,original_main35,e7ed4de965cd29424eb1baf5679758b4fcbfa568bc6c092f899d29141ff34779,2.868778599,1.7894450380000002,-1.0793335609999999
PABP,34,original_main35,aa1a10a4b5f9fd2cea42742dbdd691fb2f9f8577d5cc55c2ffb3f2214f63a2b9,1.964409118,2.868778599,0.904369481
HIS7,0,existing_HIS7_dev24,2d31845af8898903acfb76da5db91773573027edabb6896d47cc0921c7c67284,1.2267650448899998,1.3224747997700002,0.09570975488000033
HIS7,1,existing_HIS7_dev24,47b9db4f18bdb435f092bdd83afb57e30caeba28cec52fff3c251b6f3048f75e,1.26686431718,1.2890875022,0.02222318501999987
HIS7,2,existing_HIS7_dev24,f1cc4cb5413b76729af432a19b9ca981b8b3837fd252471856aa8bbd47f53a85,1.36443738796,1.7037970650799998,0.3393596771199998
HIS7,3,existing_HIS7_dev24,ad2fc3e17fa21a0de3cfbc06f075e0602804260ced9c513a4ad5b570160ee2c1,1.52873480326,1.52873480326,0.0
HIS7,4,existing_HIS7_dev24,f678a80db2dc408ac9aabd62ebc4174685fb0cfec65b41051b9e6d27b4806279,1.5156151211500002,1.1933445764,-0.3222705447500003
HIS7,5,existing_HIS7_dev24,2cfff27fd2e47284ca4a8a440fd0d960c7c2e738e9cc05e325786fab62e1f974,1.3102758223,1.47047601134,0.16020018904
HIS7,6,existing_HIS7_dev24,ae4d4c9df6d0b02b5e51f7b8ef3ab6348ef06709b6adb10c169c98c78b91573e,1.7037970650799998,1.3102758223,-0.3935212427799999
HIS7,7,existing_HIS7_dev24,e0352418bcdaee0398abbf00ecbfb0d5d7a4af92f096cded9469d50df7f3054a,1.27241107015,1.26665650717,-0.005754562979999989
HIS7,8,existing_HIS7_dev24,c7b0ce332553b314505b6caf733f2e50b6ca79e5dedc1d11178ee48dd6efe597,1.35972648724,1.41635886495,0.05663237771000018
HIS7,9,existing_HIS7_dev24,5e04cf2c7ead313e142b983d6bbae26c7baa59b31044229b3d0e97d6c14563b3,1.20047725704,1.22018965276,0.019712395720000053
HIS7,10,existing_HIS7_dev24,8920d507ae9ea6763d4155e4b39a3f6e709de497fdcaf735d3dce50d17254a05,1.3496649966799998,1.3224747997700002,-0.027190196909999687
HIS7,11,existing_HIS7_dev24,bc84c6473cdfb731bf407008009b38143831acb60014d0234448136c850291e6,1.22589877585,1.29877973028,0.07288095442999998
HIS7,12,existing_HIS7_dev24,e1d885c3c330e2e7aab3978908dadbf95e081f7ad81db359d64e3d43dfd5012c,1.344824494,1.24862754985,-0.09619694415000013
HIS7,13,existing_HIS7_dev24,62ff4f15d0cac3850f6a6abc7ab899eb7f645e60359825d2816b15915104f881,1.3172528020999998,1.2783426758399998,-0.03891012626000001
HIS7,14,existing_HIS7_dev24,b9c0207e93668cdaf57b3ac302cf7f0097bff6f10c719a3d9d3be6ded5900a60,1.29447842251,1.25528387554,-0.03919454696999991
HIS7,15,existing_HIS7_dev24,32d8d1edf7bd6265f6d110a3e6fe597f11ba63a2e916544be4f04420d98fce8b,1.33590443118,1.28840866164,-0.04749576954000001
HIS7,16,existing_HIS7_dev24,d376f3183f4f186aa197951aa714997b234d836237d0d19a65dc6c528ff2e75a,1.26686431718,1.35364431372,0.08677999654000002
HIS7,17,existing_HIS7_dev24,416f336309d3b1956c6d5cacde80645f861a4eb0bb2f2a3799586cf87b808658,1.33590443118,1.35364431372,0.01773988254000014
HIS7,18,existing_HIS7_dev24,0b3efd11d5a2be1cd654c49fb3c151c94ea864b1b2a67a73fb28ac607578ba55,1.27310765615,1.5156151211500002,0.2425074650000001
HIS7,19,existing_HIS7_dev24,ec1ec6360b929c8060447ca5e8716fd1ae03943caafda56385a31a50649e6e45,1.27310765615,1.35254102604,0.07943336988999983
HIS7,20,existing_HIS7_dev24,d9c04caf7012dee33a9b2d2624885fe8e08b010ae9c030b75c9100b41588901e,1.55180615142,1.3224747997700002,-0.22933135164999974
HIS7,21,existing_HIS7_dev24,0fe1db47954101f39c6c9bfe000d5d8b833b0eddafc88ac368a23745ff86b5d1,1.31039787955,1.33590443118,0.02550655162999993
HIS7,22,existing_HIS7_dev24,62f1797c8a5d3b8aab81e59b78741d07541aed7603d4b7823dfc9de945a914ac,1.62104468296,1.22018965276,-0.4008550302
HIS7,23,existing_HIS7_dev24,40bfa817eea4ae6aa6ff01e8f88c6c180e4a40be58adff93b8a30bb743b144c1,1.33590443118,1.2323443621,-0.10356006907999982
GRB2,1,existing_GRB2_transfer24,23fae22c6b137fa6b723127728a6595b21bb61e8030ac1db7c260621a68a2d50,0.651440709660567,0.518300775727539,-0.13313993393302803
GRB2,2,existing_GRB2_transfer24,7715c5bcb61c23abff8d26f7115f1015eeb491bfb031cee736a31d786b005e42,0.544064178618847,0.7329993807693149,0.18893520215046788
GRB2,3,existing_GRB2_transfer24,92a21cab696c20261b6ef3f475ec9c547bc52c67258c1c2f3832cdea7d0cc29a,0.651440709660567,0.651440709660567,0.0
GRB2,4,existing_GRB2_transfer24,6f4851e1105a14a1091d1addee87a2ed1d94716c7c393060beff8cb098dbc6e0,0.651440709660567,0.651440709660567,0.0
GRB2,5,existing_GRB2_transfer24,3ca6fb1a99512799b40bc793c99c99df010f13dc59318cddf2d468317575c549,0.651440709660567,0.651440709660567,0.0
GRB2,6,existing_GRB2_transfer24,0e0f64d9c28efd06bb14f71adf39936a7c04e446dde9688bf4dfb780e4fab203,0.5467042490670371,0.518300775727539,-0.02840347333949811
GRB2,7,existing_GRB2_transfer24,bf10a9d355594c37755199cd4f1045b2f3c1a61fda77be980a579d19aa93d282,0.651440709660567,0.651440709660567,0.0
GRB2,8,existing_GRB2_transfer24,84d52804cf06eb81b59310097cd35e07f7182bd0e220853caf647533099eebfb,0.5467042490670371,0.518300775727539,-0.02840347333949811
GRB2,9,existing_GRB2_transfer24,5b59310e73272279ad14c9a0b36d484a77f626e1f1b54bd1980664ae714a600b,0.5467042490670371,0.7329993807693149,0.18629513170227785
GRB2,10,existing_GRB2_transfer24,5b50a50e50130ba2c21a24647c9665eced08ca9e9e973cf46ddb959570d8aa26,0.651440709660567,0.544064178618847,-0.10737653104171996
GRB2,11,existing_GRB2_transfer24,203d5b0e00427845155d5420140c6cc29fe2b573e739ea8d4a202587d0311d7e,0.5467042490670371,0.544064178618847,-0.002640070448190035
GRB2,12,existing_GRB2_transfer24,a2bcd76da4a91b2ac7f581d8b3fd58e0e1ae85396cc7add5c98a0269c39ec02e,0.651440709660567,0.651440709660567,0.0
GRB2,13,existing_GRB2_transfer24,44965f7706000619622a85d3dcd4f4b3a1cf781cfe46865fee370ffaedfb026a,0.651440709660567,0.651440709660567,0.0
GRB2,14,existing_GRB2_transfer24,6dfe3becc1418b40de8873e2cc725e97aa93c3dfde786216a712f7b3d6a98e7e,0.651440709660567,0.518300775727539,-0.13313993393302803
GRB2,15,existing_GRB2_transfer24,d87c1d6b4f9c94491cafd62d1fd79598372fb540111b418d82fabbf337d71ca5,0.651440709660567,0.5759848402475279,-0.07545586941303906
GRB2,16,existing_GRB2_transfer24,e7837bacc7e3d0792d57688ad9758176c86ed4d5dc250de6e0881ba9a758c121,0.651440709660567,0.544064178618847,-0.10737653104171996
GRB2,17,existing_GRB2_transfer24,d9aa34f6f14133f0ff89e8aefd6ad9d7919911456b72ad91c6eedcfa775458dd,0.494985605608996,0.637179766130976,0.14219416052198003
GRB2,18,existing_GRB2_transfer24,5c4cdf9610cb3af7f918be591004cb022c6aba6c49204666486a196b7e973abf,0.5467042490670371,0.544064178618847,-0.002640070448190035
GRB2,19,existing_GRB2_transfer24,38d56bbf6080c78bb426156ac635540c79e3c22db7f9f2db5588466039dc79af,0.651440709660567,0.5759848402475279,-0.07545586941303906
GRB2,20,existing_GRB2_transfer24,8d0d85c074f70f5c31147d82b2f712e122133bab64b4503638024a3e8520076b,0.651440709660567,0.485374759199856,-0.166065950460711
GRB2,21,existing_GRB2_transfer24,38aeedcf34cf3d98a176772dc4a3c653289f1e6c1ac11eab94969126da9daa42,0.651440709660567,0.544064178618847,-0.10737653104171996
GRB2,22,existing_GRB2_transfer24,1de191fda57de822d3b1418e9ead58c0b48b2fdc088f050e4e21f70f51d9318a,0.651440709660567,0.518300775727539,-0.13313993393302803
GRB2,23,existing_GRB2_transfer24,7aa3c9fd0f00e4a904cd227debacb569b58d12937d691b9c512e28f6e05d49ad,0.651440709660567,0.518300775727539,-0.13313993393302803
GRB2,0,existing_GRB2_transfer24,45cc9c5de1def2a56192fb925ed1fbb4281a0180c1b235b79ce04a52a0399941,0.544064178618847,0.5759848402475279,0.0319206616286809
TrpB,0,native70_sensitivity,5afeed3d71f61a1c7e079f4debf388aab084ce6714027a1de954b433b1128f9a,0.752894791,0.798137603,0.04524281200000002
TrpB,1,native70_sensitivity,1fc970f384db0859e987166037c322e77d2dc9a0b102ee43482c453423cae678,0.922559227,1.0,0.07744077299999996
TrpB,2,native70_sensitivity,9d2728c82e40c3563afc566dd9483daa48fe5031c1ed67c25d7f99f1cb27c277,0.832570233,0.752894791,-0.07967544199999999
TrpB,3,native70_sensitivity,3b9e1a365b39991f5b90dabaac7f6cf143dc9620f80e453ae635761e1a9014c5,1.0,1.0,0.0
TrpB,4,native70_sensitivity,8a82827f6f76cdbb6f78918441edee8a7bbb7391dab68f13412be05b7c66d150,0.922559227,1.0,0.07744077299999996
TrpB,5,native70_sensitivity,8c76835fe53cb44be94c9fd7633e8865120d380346ac9d466ee6122040d47563,0.922559227,1.0,0.07744077299999996
TrpB,6,native70_sensitivity,e1dd714ebf73c823ddc16ec9c76c56323e297507774ccc3282f83d89ece44d17,0.922559227,1.0,0.07744077299999996
TrpB,7,native70_sensitivity,5232e2804aea780f74f7dd190d5f12c90bdf4f1d4785a25f4bc83a48e3bf645b,0.922559227,1.0,0.07744077299999996
TrpB,8,native70_sensitivity,81b1aba31deb8bbd56577b4290febad51aa57480866a849e467a57d398df8611,1.0,1.0,0.0
TrpB,9,native70_sensitivity,aed4a675636dc1761465f38df5162662779f48a076a76c667c981dcae8bdda33,0.922559227,0.800478399,-0.12208082800000009
TrpB,10,native70_sensitivity,42816b11a470fe7e86ed00ad7a36c60c5095b5540d26329f1f74dc21c66de97e,0.922559227,1.0,0.07744077299999996
TrpB,11,native70_sensitivity,c91bb63f2750bb5c3da1e3d27ab2d821e49ab03ae45a33638fed5007a535961f,0.932033526,0.922559227,-0.009474298999999964
TrpB,12,native70_sensitivity,8816be9c7459c851c1ca129fab5f1026d172561fbed0f8d29c5c99ab9f62d85c,0.932033526,1.0,0.067966474
TrpB,13,native70_sensitivity,d9fbdd5b8eff66f48a807643de25e69df7cb68274730ed8b3366e720f264daca,0.922559227,1.0,0.07744077299999996
TrpB,14,native70_sensitivity,837e1b51f0716a25649ec94cdcc190e97c233a0d75671f80322710c6ddc65a8d,0.922559227,0.932033526,0.009474298999999964
TrpB,15,native70_sensitivity,46775e5e9db34aacd706f93a87c3397d5d556c800f8a1da88b5d826310e26a9b,0.932033526,0.800478399,-0.13155512700000005
TrpB,16,native70_sensitivity,0338ed2e3a8fb72f9fe0e3892d778a9f53ffda24cc0da1c5daa431f5b9d4bcba,0.932033526,0.932033526,0.0
TrpB,17,native70_sensitivity,2a1b82d55872826ea4be398938bc0d38009da33c4cbaea6a3cfab7ebacbc46a7,0.922559227,1.0,0.07744077299999996
TrpB,18,native70_sensitivity,caf19d4ce0bc68ccd3bbe4be8101bc72a154609a1175b5a70d364b7efc4c5e8b,0.922559227,1.0,0.07744077299999996
TrpB,19,native70_sensitivity,04bcad3f20033cc4210209b50a7cf4c994c15d745f92312d266f18378fcbf321,0.922559227,0.932033526,0.009474298999999964
TrpB,20,native70_sensitivity,b530418fc2887a2117c4f52fba37d86e6053d04d37f8002d4d46b812d5c0b790,0.932033526,1.0,0.067966474
TrpB,21,native70_sensitivity,6fb36ded698fe8160afcc3514ff1668037ffbb120267e8c9ae32e15114778c10,0.932033526,1.0,0.067966474
TrpB,22,native70_sensitivity,248d88f663fdd6c4fb2f193755af7c8f30bbeae1817d259ecba1ae9ff01e2daf,0.922559227,1.0,0.07744077299999996
TrpB,23,native70_sensitivity,0cb999345e5ac7bbb4fd9cb25ed25014a2b97b6c8a2838189e2cf39a708379b6,0.832570233,1.0,0.167429767
TrpB,24,native70_sensitivity,32285a885e7fc3d241981a120fe8935ac98688dc7ca7287beb67d6dbbec5e35e,0.895147379,0.832570233,-0.06257714599999997
TrpB,25,native70_sensitivity,ae586f8dd52e54617f104366e84d0bb625c204a2b033d89d38fa0ce218f54312,0.932033526,1.0,0.067966474
TrpB,26,native70_sensitivity,2c64c0abb9536054451a26a30fa62470afbaced748bd7bd3f3253a9173931338,0.932033526,1.0,0.067966474
TrpB,27,native70_sensitivity,46c8040046762b75f2cb3578a004d475e03765696583109c2f51f2cd9c573035,0.932033526,1.0,0.067966474
TrpB,28,native70_sensitivity,ac5d5d0c460de8f0df9b7898044dc8ca52c60c86a83bdea15845526d566467c9,0.922559227,0.800478399,-0.12208082800000009
TrpB,29,native70_sensitivity,270aabc3d1cebc967fcfbd13ab92deef88a6f98bcd6b4eef672b56ae72037a38,0.922559227,0.922559227,0.0
TrpB,30,native70_sensitivity,8eca18c98eaf6e1fdffd79f76f71de5ec5aa0a6ca32d3f283930d6bc13269051,0.832570233,0.909769373,0.07719914000000005
TrpB,31,native70_sensitivity,397b6949dbfd9291ae40af88312edea85fc8e64384329e80eb45b30946d8d0d0,0.922559227,0.932033526,0.009474298999999964
TrpB,32,native70_sensitivity,fa4e4ebd33f2a38494e4c69e95daa34bc88a459fdf12c20f9de4d6876ace6159,0.922559227,0.932033526,0.009474298999999964
TrpB,33,native70_sensitivity,6aa8e0999ae04a570b2d3b730875e9f18ce5b29e454d04c9e6064db66fb2fdc0,0.922559227,0.909769373,-0.01278985399999999
TrpB,34,native70_sensitivity,2fa18cd53b831eb5da8510bd3ae09cfedf26d998225075a84dbc72c006fb0061,0.932033526,1.0,0.067966474
TrpB,35,native70_sensitivity,c7e1e6163aff7c63f56d8d7402d66fca692cfba9fe2f5f9c870ea033257e2d0a,0.932033526,0.832570233,-0.09946329300000001
TrpB,36,native70_sensitivity,1eb9aa74387a2a62c70114bcb1b645a44bed4c6e313331e105d8302d9da97464,0.800478399,0.752894791,-0.047583607999999944
TrpB,37,native70_sensitivity,c50e6b23b47d2cdc166e9aa35b4ff04548de50a7fce29f32a3f3d09735ce4ab6,0.932033526,1.0,0.067966474
TrpB,38,native70_sensitivity,54313169118071f04ac55c015f4179edbc485eaca9504aa41832be6fb08a316c,0.922559227,0.800478399,-0.12208082800000009
TrpB,39,native70_sensitivity,ae252537f877cea52adb73d4295a9a99f0240147e2b1b9428b75b05afd5ddc81,0.922559227,0.932033526,0.009474298999999964
TrpB,40,native70_sensitivity,f1763614ce8cfd6c50af1beff4fee5a09d2c271edd8f8135d65b4da7a631c808,0.922559227,0.932033526,0.009474298999999964
TrpB,41,native70_sensitivity,5c1b1f4381ecb086d07689e019a36bc5aff3e7c2da3595ca54dc6fa8b4f188c1,0.932033526,1.0,0.067966474
TrpB,42,native70_sensitivity,efe385c2e0e5c227bab1ed94f4313f8abc64d7d92540f546e570c22757a2c247,1.0,1.0,0.0
TrpB,43,native70_sensitivity,ca212bbea46eaf760346a72f16eaba1239a1f8f0e15ba8a54d587f395a588cbd,0.922559227,1.0,0.07744077299999996
TrpB,44,native70_sensitivity,6c88bf13873883a15ebeb9e3000dd4ac4d8f9a94dbc5c1ec850c3ef1a04228b2,0.922559227,0.909769373,-0.01278985399999999
TrpB,45,native70_sensitivity,f732957b4c73a3cac444978388a5285127e8b73c9aad7df4af603270b5f33472,0.932033526,0.800478399,-0.13155512700000005
TrpB,46,native70_sensitivity,1b4bf0c84f91e13b4dff1cf496a17b326b817f5bb4cd232790d4c2774e0911b7,0.922559227,1.0,0.07744077299999996
TrpB,47,native70_sensitivity,6ea4508d32be7cc1077de7ee697ff0089b374afeb8a8be97981ab2499bc44bf9,0.922559227,1.0,0.07744077299999996
TrpB,48,native70_sensitivity,4966e1067f78fee8a5b6c182c55f8a87b584e637cd224e2f1b91e69b42c2976c,0.922559227,0.895147379,-0.027411848000000072
TrpB,49,native70_sensitivity,c6d376275aaa8d5086baa7fbe05b1386dbdf6d9b482a1d05d24fe39df541cee1,0.932033526,1.0,0.067966474
TrpB,50,native70_sensitivity,b10efb15071a4e7f6991136009fbbd85126af99be528082858d6cc8aa495fba9,0.922559227,1.0,0.07744077299999996
TrpB,51,native70_sensitivity,f6b482b2177a8684b99e8b485d531a9b55d4de297b9226408fc4fba2ebeb6cf0,0.922559227,0.932033526,0.009474298999999964
TrpB,52,native70_sensitivity,8677745693563d6330baafaf2ec183532f3c1b816d0301719b6a4d17ef48ea10,1.0,1.0,0.0
TrpB,53,native70_sensitivity,aed242f5666476cd0d90e77486accb76289a3ff65cc3e01efd56bc0b57b6427b,1.0,0.800478399,-0.19952160100000005
TrpB,54,native70_sensitivity,e23813cae0612cad304e09fd710501eda04c4e54f0a41f8f3872528fe922fb38,0.922559227,0.932033526,0.009474298999999964
TrpB,55,native70_sensitivity,e797f74ed9b83f2ca52268eedbed2d12471789d3f96431cf3114542ee32ff8bc,0.932033526,1.0,0.067966474
TrpB,56,native70_sensitivity,b721e840d1863c7c6b7da71900b7b5e4b119ddb86c77c3bd543023abdcf8d215,0.922559227,0.932033526,0.009474298999999964
TrpB,57,native70_sensitivity,c8f4483cfa82b763ec891fda5f7d448e768d655baae12492854e08e50295a1b1,0.932033526,0.922559227,-0.009474298999999964
TrpB,58,native70_sensitivity,aa284bdc4aa29394d75425c6efa38f530102a6a4c78841de9579f4e97ab9b638,0.922559227,0.932033526,0.009474298999999964
TrpB,59,native70_sensitivity,f0ca8d3e26fc1b1641ec9b53a7cb2e74dcd5f6b7b42e1af8e299513c9b166231,0.756122223,0.800478399,0.04435617599999997
TrpB,60,native70_sensitivity,8ec41424eca89846a612f278a6de749e9a52c8b964e04572604c09647b7f60f4,0.932033526,0.932033526,0.0
TrpB,61,native70_sensitivity,9fe23f130cc56c9cfcbf6056130bef66baa7607aa5f9e12a03da3b524ec88dc3,0.922559227,0.932033526,0.009474298999999964
TrpB,62,native70_sensitivity,0fc4e918ed2f315ceb992efbcc112183ffe615818bb8a01e5f3efb7d7815dd74,0.932033526,1.0,0.067966474
TrpB,63,native70_sensitivity,ff4acefb39d2ef0c04501a4a156700b9ca936e565b33b3adcbccd205019acc46,0.922559227,0.932033526,0.009474298999999964
TrpB,64,native70_sensitivity,c7b1bf6334076ee9d2f08135b40ecdfe2a3c5e51560224550fe2680a1d7b4050,0.895147379,0.841000643,-0.05414673599999997
TrpB,65,native70_sensitivity,823e7f4640ebad5c2a80d5881ba402b16d6e7c2a37e0dd75383c642bdde83d03,0.845869121,1.0,0.154130879
TrpB,66,native70_sensitivity,6ae66db26b87c300c4b1782c9cf3c1e9c9f2e2620a3f52c6812ae60a13f1b36b,0.932033526,1.0,0.067966474
TrpB,67,native70_sensitivity,e8e622ff7ca5a106e92c54328b027b718c9d9a3bbcb229ec11b8c28db64ea51c,0.922559227,0.932033526,0.009474298999999964
TrpB,68,native70_sensitivity,660bd7de07c7fa69b53ae98139dc812e99116d278d98b81d37f70e4164dfd57b,0.895147379,0.932033526,0.036886147000000036
TrpB,69,native70_sensitivity,cf2aaa2d02d7052b8ba2c6bed1135deadf665e881ec6dab038345f22be1ceec4,0.922559227,1.0,0.07744077299999996
