benchmark,cohort,n,round,mean,sd,ci95_low,ci95_high,bootstrap_reps,bootstrap_seed
GB1,original_main35,35,1,0.4661374730556122,0.1495588405732689,0.4165599600198494,0.5145340367912874,20000,20260933
GB1,original_main35,35,2,0.33796255806486414,0.20690608575361685,0.2714538132844435,0.40653181019546564,20000,20260933
GB1,original_main35,35,3,0.13878551956405852,0.1118284871789716,0.10430476234916249,0.1760539050196694,20000,20260933
GB1,original_main35,35,4,0.08853077078647549,0.11954416385630992,0.052921151941513006,0.1299608837929859,20000,20260933
PABP,original_main35,35,1,0.4600914006635311,0.14086057320836268,0.41422128603649766,0.505116149854323,20000,20260934
PABP,original_main35,35,2,0.4542285848015258,0.1493460793585293,0.4050237126211508,0.5025719525538975,20000,20260934
PABP,original_main35,35,3,0.3968424130353818,0.16075889580585273,0.3445022579580793,0.44964739648465357,20000,20260934
PABP,original_main35,35,4,0.4029650361344675,0.19708483522249123,0.33875255587206576,0.46612224035186783,20000,20260934
TrpB,original_main35,35,1,0.5175163713954353,0.14447337055081189,0.4700501475605615,0.565898707588378,20000,20260935
TrpB,original_main35,35,2,0.4230588595217414,0.13707859220850183,0.3784158555717029,0.46781637861978365,20000,20260935
TrpB,original_main35,35,3,0.2993538273448434,0.21178370358635176,0.23173983428041897,0.3700639877410564,20000,20260935
TrpB,original_main35,35,4,0.16306172973739907,0.17946005027371864,0.10788911144464124,0.22522191464568747,20000,20260935
