benchmark,arm,cohort,n,queries,mean,sd,ci95_low,ci95_high,uncertainty,bootstrap_reps,bootstrap_seed
GB1,bata,original_main35,35,96,0.2678539991268175,0.12136740003885155,0.2283630371029286,0.3074104916325606,pointwise percentile bootstrap CI of mean,20000,20260923
GB1,bata,original_main35,35,192,0.5746536080073792,0.12016426121727496,0.5350234104760502,0.6128841028609159,pointwise percentile bootstrap CI of mean,20000,20260923
GB1,bata,original_main35,35,288,0.7324197552282342,0.10738056669499123,0.6978206531016656,0.7673256469940677,pointwise percentile bootstrap CI of mean,20000,20260923
GB1,bata,original_main35,35,384,0.7884104254373359,0.08991271368642968,0.7596037172045756,0.8183503166154648,pointwise percentile bootstrap CI of mean,20000,20260923
GB1,bata,original_main35,35,480,0.8512221235009663,0.1083404682328534,0.8154511171912348,0.886627540803858,pointwise percentile bootstrap CI of mean,20000,20260923
GB1,alde,original_main35,35,96,0.2678539991268175,0.12136740003885155,0.2283630371029286,0.3074104916325606,pointwise percentile bootstrap CI of mean,20000,20260923
GB1,alde,original_main35,35,192,0.5696210379602586,0.097562040794772,0.538580523748762,0.6017796929832139,pointwise percentile bootstrap CI of mean,20000,20260923
GB1,alde,original_main35,35,288,0.7813107788789534,0.10999961705864486,0.7449482622224514,0.8165222610127943,pointwise percentile bootstrap CI of mean,20000,20260923
GB1,alde,original_main35,35,384,0.8921674581177532,0.12603351440120017,0.8497955661334248,0.9322545569021833,pointwise percentile bootstrap CI of mean,20000,20260923
GB1,alde,original_main35,35,480,0.9346839826345404,0.09039086709194738,0.9038819593528725,0.963004803574507,pointwise percentile bootstrap CI of mean,20000,20260923
GB1,evolvepro650,original_main35,35,96,0.2678539991268175,0.12136740003885155,0.2283630371029286,0.3074104916325606,pointwise percentile bootstrap CI of mean,20000,20260923
GB1,evolvepro650,original_main35,35,192,0.5242469840768409,0.14960994135429795,0.4747685346266976,0.5716592570233257,pointwise percentile bootstrap CI of mean,20000,20260923
GB1,evolvepro650,original_main35,35,288,0.6278626223399307,0.1085958780349699,0.5927914672514604,0.6629437158044126,pointwise percentile bootstrap CI of mean,20000,20260923
GB1,evolvepro650,original_main35,35,384,0.6977239799495644,0.10125271119987685,0.6656373696606902,0.7314158680747388,pointwise percentile bootstrap CI of mean,20000,20260923
GB1,evolvepro650,original_main35,35,480,0.7343679196680933,0.09659139226336887,0.7033808174865583,0.766494656131221,pointwise percentile bootstrap CI of mean,20000,20260923
GB1,reap100,original_main35,35,96,0.2678539991268175,0.12136740003885155,0.2283630371029286,0.3074104916325606,pointwise percentile bootstrap CI of mean,20000,20260923
GB1,reap100,original_main35,35,192,0.5740114917036995,0.12445882482216121,0.5328367769065095,0.6140614576688608,pointwise percentile bootstrap CI of mean,20000,20260923
GB1,reap100,original_main35,35,288,0.7078925696520183,0.11535740499374326,0.6709802882736192,0.7459813388079486,pointwise percentile bootstrap CI of mean,20000,20260923
GB1,reap100,original_main35,35,384,0.8254833286202771,0.11948591345800984,0.7867650242637195,0.8640143567952279,pointwise percentile bootstrap CI of mean,20000,20260923
GB1,reap100,original_main35,35,480,0.8958013379953708,0.09436786590974447,0.8642973900891342,0.9261523154650905,pointwise percentile bootstrap CI of mean,20000,20260923
GB1,rf_onehot,original_main35,35,96,0.2678539991268175,0.12136740003885155,0.2283630371029286,0.3074104916325606,pointwise percentile bootstrap CI of mean,20000,20260923
GB1,rf_onehot,original_main35,35,192,0.5631460155445154,0.13657470230826987,0.5200359773990649,0.608326266131118,pointwise percentile bootstrap CI of mean,20000,20260923
GB1,rf_onehot,original_main35,35,288,0.7349407006460359,0.12454248330925712,0.6947757877341698,0.7757380540479031,pointwise percentile bootstrap CI of mean,20000,20260923
GB1,rf_onehot,original_main35,35,384,0.7934759008535948,0.12040532933432464,0.7549862772389041,0.8326220292555815,pointwise percentile bootstrap CI of mean,20000,20260923
GB1,rf_onehot,original_main35,35,480,0.8293638860585177,0.10699166364854676,0.7948595162494148,0.8646198214180886,pointwise percentile bootstrap CI of mean,20000,20260923
PABP,bata,original_main35,35,96,1.4284926160285714,0.168268970116588,1.375740410825,1.4857537425707144,pointwise percentile bootstrap CI of mean,20000,20260924
PABP,bata,original_main35,35,192,1.8196432141142855,0.34492648968977446,1.7155762404642854,1.9370722749742857,pointwise percentile bootstrap CI of mean,20000,20260924
PABP,bata,original_main35,35,288,1.9785384237428576,0.3524853885986153,1.8700636070092858,2.099816650697143,pointwise percentile bootstrap CI of mean,20000,20260924
PABP,bata,original_main35,35,384,2.090935739857143,0.40313321875985414,1.9649877512285714,2.226648817821429,pointwise percentile bootstrap CI of mean,20000,20260924
PABP,bata,original_main35,35,480,2.4169243188285714,0.42321327468476255,2.2776860223407143,2.5550266778571427,pointwise percentile bootstrap CI of mean,20000,20260924
PABP,alde,original_main35,35,96,1.4284926160285714,0.168268970116588,1.375740410825,1.4857537425707144,pointwise percentile bootstrap CI of mean,20000,20260924
PABP,alde,original_main35,35,192,1.5917965579142859,0.1810177415723517,1.535425777607143,1.6534260470035715,pointwise percentile bootstrap CI of mean,20000,20260924
PABP,alde,original_main35,35,288,1.6980772951714287,0.1775489865318424,1.6410524970628573,1.7568390302207146,pointwise percentile bootstrap CI of mean,20000,20260924
PABP,alde,original_main35,35,384,1.7275765680857145,0.16665820638821469,1.6737157810514285,1.7824123149871425,pointwise percentile bootstrap CI of mean,20000,20260924
PABP,alde,original_main35,35,480,1.8183268186571426,0.18141967892215674,1.760821799797857,1.8784881367985713,pointwise percentile bootstrap CI of mean,20000,20260924
PABP,evolvepro650,original_main35,35,96,1.4284926160285714,0.168268970116588,1.375740410825,1.4857537425707144,pointwise percentile bootstrap CI of mean,20000,20260924
PABP,evolvepro650,original_main35,35,192,1.7732167415714284,0.3869016132218967,1.6574026948628573,1.9076782236214285,pointwise percentile bootstrap CI of mean,20000,20260924
PABP,evolvepro650,original_main35,35,288,2.115958199657143,0.5358075138873142,1.9466092967478574,2.2938179935642853,pointwise percentile bootstrap CI of mean,20000,20260924
PABP,evolvepro650,original_main35,35,384,2.2617377945999997,0.4983987244158187,2.1025877354864284,2.4269287466235707,pointwise percentile bootstrap CI of mean,20000,20260924
PABP,evolvepro650,original_main35,35,480,2.367571839,0.47451922703427624,2.214348393944286,2.5232379438685704,pointwise percentile bootstrap CI of mean,20000,20260924
PABP,reap100,original_main35,35,96,1.4284926160285714,0.168268970116588,1.375740410825,1.4857537425707144,pointwise percentile bootstrap CI of mean,20000,20260924
PABP,reap100,original_main35,35,192,1.6806492853428572,0.1940364978116776,1.6183542188321431,1.7453291236192858,pointwise percentile bootstrap CI of mean,20000,20260924
PABP,reap100,original_main35,35,288,1.8178115120857143,0.1731348610045071,1.7622743892771426,1.8748896690492856,pointwise percentile bootstrap CI of mean,20000,20260924
PABP,reap100,original_main35,35,384,1.913090450142857,0.24023515731820524,1.8411937131585712,1.9986641918192853,pointwise percentile bootstrap CI of mean,20000,20260924
PABP,reap100,original_main35,35,480,1.9959840325142864,0.23713638414683103,1.9245021001757143,2.0794578266764283,pointwise percentile bootstrap CI of mean,20000,20260924
PABP,rf_onehot,original_main35,35,96,1.4284926160285714,0.168268970116588,1.375740410825,1.4857537425707144,pointwise percentile bootstrap CI of mean,20000,20260924
PABP,rf_onehot,original_main35,35,192,1.7282164086571428,0.20645785856577772,1.6618799607657144,1.7973901759328572,pointwise percentile bootstrap CI of mean,20000,20260924
PABP,rf_onehot,original_main35,35,288,1.8856372418857144,0.239320793164296,1.8095539213499994,1.966941279457857,pointwise percentile bootstrap CI of mean,20000,20260924
PABP,rf_onehot,original_main35,35,384,1.9555404959714289,0.2546818720377675,1.8744357461985715,2.0420225286971423,pointwise percentile bootstrap CI of mean,20000,20260924
PABP,rf_onehot,original_main35,35,480,1.9848524468285718,0.2533134890190491,1.9046139449114288,2.0700601845057136,pointwise percentile bootstrap CI of mean,20000,20260924
TrpB,bata,original_main35,35,96,0.4014627538285715,0.1791073808996162,0.3427767649857143,0.4589992640157141,pointwise percentile bootstrap CI of mean,20000,20260925
TrpB,bata,original_main35,35,192,0.7078817023142857,0.10253081340342943,0.6738980836764284,0.7413827744349999,pointwise percentile bootstrap CI of mean,20000,20260925
TrpB,bata,original_main35,35,288,0.8469542877142857,0.0678311460764103,0.8248092577585713,0.8690642114799999,pointwise percentile bootstrap CI of mean,20000,20260925
TrpB,bata,original_main35,35,384,0.8972954513142858,0.04541825046450381,0.8814666858057142,0.9113066466714289,pointwise percentile bootstrap CI of mean,20000,20260925
TrpB,bata,original_main35,35,480,0.9208985678000001,0.04217742752602417,0.9060577961692861,0.9337963141714289,pointwise percentile bootstrap CI of mean,20000,20260925
TrpB,alde,original_main35,35,96,0.4014627538285715,0.1791073808996162,0.3427767649857143,0.4589992640157141,pointwise percentile bootstrap CI of mean,20000,20260925
TrpB,alde,original_main35,35,192,0.7078894573428571,0.09582335913629957,0.6764863271492858,0.7389022136464285,pointwise percentile bootstrap CI of mean,20000,20260925
TrpB,alde,original_main35,35,288,0.8441326019142857,0.11789635050938849,0.8061186769307144,0.8825996448928572,pointwise percentile bootstrap CI of mean,20000,20260925
TrpB,alde,original_main35,35,384,0.8750230703714286,0.11117244912524027,0.8387264766935715,0.9107718476264284,pointwise percentile bootstrap CI of mean,20000,20260925
TrpB,alde,original_main35,35,480,0.8957859325142857,0.1099124066748807,0.8603855153192855,0.9311683304435715,pointwise percentile bootstrap CI of mean,20000,20260925
TrpB,evolvepro650,original_main35,35,96,0.4014627538285715,0.1791073808996162,0.3427767649857143,0.4589992640157141,pointwise percentile bootstrap CI of mean,20000,20260925
TrpB,evolvepro650,original_main35,35,192,0.7030952644857142,0.10772266114736062,0.6689591426864284,0.7392012097221428,pointwise percentile bootstrap CI of mean,20000,20260925
TrpB,evolvepro650,original_main35,35,288,0.8122610252857143,0.09413829691291055,0.7819002655235713,0.8429539006242857,pointwise percentile bootstrap CI of mean,20000,20260925
TrpB,evolvepro650,original_main35,35,384,0.8665184510000001,0.08243920980944289,0.839238099824286,0.8934539487714289,pointwise percentile bootstrap CI of mean,20000,20260925
TrpB,evolvepro650,original_main35,35,480,0.8982319816000001,0.08387497070191674,0.870506752057143,0.925371287792143,pointwise percentile bootstrap CI of mean,20000,20260925
TrpB,reap100,original_main35,35,96,0.4014627538285715,0.1791073808996162,0.3427767649857143,0.4589992640157141,pointwise percentile bootstrap CI of mean,20000,20260925
TrpB,reap100,original_main35,35,192,0.6701915792571429,0.13610092641455573,0.6243669551457143,0.7138850533335713,pointwise percentile bootstrap CI of mean,20000,20260925
TrpB,reap100,original_main35,35,288,0.8011107445714285,0.11395624925796174,0.7648006685264287,0.8389225489392856,pointwise percentile bootstrap CI of mean,20000,20260925
TrpB,reap100,original_main35,35,384,0.8554063954285714,0.11120245100557946,0.8194411987107142,0.8921939225150002,pointwise percentile bootstrap CI of mean,20000,20260925
TrpB,reap100,original_main35,35,480,0.8857702422285714,0.11769333253988548,0.8471407770521426,0.9241174647814286,pointwise percentile bootstrap CI of mean,20000,20260925
TrpB,rf_onehot,original_main35,35,96,0.4014627538285715,0.1791073808996162,0.3427767649857143,0.4589992640157141,pointwise percentile bootstrap CI of mean,20000,20260925
TrpB,rf_onehot,original_main35,35,192,0.663616395457143,0.12658933399226854,0.623391991067857,0.705330132862143,pointwise percentile bootstrap CI of mean,20000,20260925
TrpB,rf_onehot,original_main35,35,288,0.8063271884571429,0.13125711446511834,0.7637876124064286,0.8493783281585715,pointwise percentile bootstrap CI of mean,20000,20260925
TrpB,rf_onehot,original_main35,35,384,0.8620428959714286,0.12993718667043758,0.8199215245907143,0.9041441508364285,pointwise percentile bootstrap CI of mean,20000,20260925
TrpB,rf_onehot,original_main35,35,480,0.8934276123428572,0.12244874777355125,0.8523309732457144,0.932711511872143,pointwise percentile bootstrap CI of mean,20000,20260925
