benchmark,group,alternative,cohort,bata_Final,control_Final,difference,identity_sha256
GB1,0,c0_fine_only,same_capacity_ablation24,0.7849778591964844,0.8311300290264457,-0.04615216982996129,f8c57ea7966d5af9d90cf39223b1aed83071148f244a5d6dee36e2fc64b635fe
GB1,1,c0_fine_only,same_capacity_ablation24,0.8345908537078612,1.0,-0.16540914629213876,790bc3c8e8a81199328f430607ebf209cbca7e784b49781346b58fff76b144f4
GB1,2,c0_fine_only,same_capacity_ablation24,1.0,1.0,0.0,b4d5e77a11cec6981af1d12ff8ac33a64cd130987c3c6dd8673fde46cedcc34f
GB1,3,c0_fine_only,same_capacity_ablation24,0.8345908537078612,1.0,-0.16540914629213876,e996d2b02c4d4d1a38dc461957838d4231f461dafdcf9fce0d7577988ca037ea
GB1,4,c0_fine_only,same_capacity_ablation24,1.0,0.6587599672965438,0.34124003270345615,760c8b1d9e68bbab363fd840c8d5f1bffb81f54a4ce632cb4353e411cca8ef34
GB1,5,c0_fine_only,same_capacity_ablation24,0.8345908537078612,0.8624627606050047,-0.027871906897143472,dad88343fed4cce94b44dc99c5efd6b95ac019faaa9d26127024a04cfcab05c4
GB1,6,c0_fine_only,same_capacity_ablation24,0.8624627606050047,1.0,-0.1375372393949953,bca8a6a6096b98a03684657b01b839e8984f3bf76321c1aa4694a4033c8eca25
GB1,7,c0_fine_only,same_capacity_ablation24,0.6587599672965438,0.6895801554372128,-0.030820188140669003,d67e129044eec7ed0f0e3c68f3cb08c0656b53200a6806211b7386693fa3236f
GB1,8,c0_fine_only,same_capacity_ablation24,1.0,0.8622110018003477,0.1377889981996523,97cd34b42ba214aa246188b582da57865e61f6c50751d1be8f83b082f09346ad
GB1,9,c0_fine_only,same_capacity_ablation24,1.0,0.8345908537078612,0.16540914629213876,1bad2dad0ba1cc7d69134e9e0c7b09a082ae6043df6df996608d521ef2f51c2e
GB1,10,c0_fine_only,same_capacity_ablation24,0.6895801554372128,0.6587599672965438,0.030820188140669003,fd5f92024740c5dacee4eb466b79a02a998897191dc2d97848dbe18584faf500
GB1,11,c0_fine_only,same_capacity_ablation24,0.6209353905963313,0.8622110018003477,-0.24127561120401642,a9fab25de0b2cb9fe80d5a7effaa8acf9e7a3e4a913af0bb0cd9d78017b7cbdd
GB1,12,c0_fine_only,same_capacity_ablation24,0.8345908537078612,0.8622110018003477,-0.027620148092486474,de2286285690d85d7b32f30a7e5046ea00e95c6e961d4a68c0afca818c5c44a3
GB1,13,c0_fine_only,same_capacity_ablation24,0.8345908537078612,1.0,-0.16540914629213876,ae521d056cbd2a04cdd9628809e93d834edb438e0b4ed54c07ad81796ce341b1
GB1,14,c0_fine_only,same_capacity_ablation24,0.8345908537078612,0.8622110018003477,-0.027620148092486474,b478ee0fcd01867d941c100bab9024a7299e0e2ddce5b03e8872fc4ae3f19982
GB1,15,c0_fine_only,same_capacity_ablation24,0.8345908537078612,0.8345908537078612,0.0,cd8d10034047e64d183d307df01cbe40a530ac2a5946b4c22a75c24e521182fc
GB1,16,c0_fine_only,same_capacity_ablation24,0.7352767757755749,0.8345908537078612,-0.0993140779322863,87577044334c1be3dab204e51a686c8148272608a33331c454229cbbd9e6f2bf
GB1,17,c0_fine_only,same_capacity_ablation24,0.8345908537078612,0.7418458719418657,0.09274498176599555,ef5b92d31c7c533daf6589882842f42aef77fdc4221e964bbf7b1237fc2604ba
GB1,18,c0_fine_only,same_capacity_ablation24,1.0,0.8622110018003477,0.1377889981996523,e9f0de1529150fedc5bc2c3d5a611f79dbbbaed621dd8331eeb9c4a5caf500b1
GB1,19,c0_fine_only,same_capacity_ablation24,0.8345908537078612,0.8345908537078612,0.0,8a95cb2862771c5e46d2f1a25277b06f3412ca4c7c3a1faaeb893a5178a037f6
GB1,20,c0_fine_only,same_capacity_ablation24,0.8311300290264457,0.8345908537078612,-0.0034608246814155086,2ab7064ef6c9035587cc49ed7a6872de9bf3689ef5fa63680d1704934015e580
GB1,21,c0_fine_only,same_capacity_ablation24,0.8624627606050047,1.0,-0.1375372393949953,415aeb893b295f24230d8c3636e0e33ae172fef81578eb327fea7c2f088a375f
GB1,22,c0_fine_only,same_capacity_ablation24,1.0,1.0,0.0,a430a3420808f831cbdc29337ff22ed9c4f7ab05ed39cac227975c9ab2a449a9
GB1,23,c0_fine_only,same_capacity_ablation24,0.8345908537078612,0.9181903148057718,-0.08359946109791061,1d744a536d2275abecfe2bbd83631d3925c8764c5c0c2ac6f89936f44cbff8e1
GB1,0,c22_equal_rank,same_capacity_ablation24,0.7849778591964844,0.8345908537078612,-0.049612994511376796,f8c57ea7966d5af9d90cf39223b1aed83071148f244a5d6dee36e2fc64b635fe
GB1,1,c22_equal_rank,same_capacity_ablation24,0.8345908537078612,0.8345908537078612,0.0,790bc3c8e8a81199328f430607ebf209cbca7e784b49781346b58fff76b144f4
GB1,2,c22_equal_rank,same_capacity_ablation24,1.0,0.825004381071726,0.17499561892827398,b4d5e77a11cec6981af1d12ff8ac33a64cd130987c3c6dd8673fde46cedcc34f
GB1,3,c22_equal_rank,same_capacity_ablation24,0.8345908537078612,0.8345908537078612,0.0,e996d2b02c4d4d1a38dc461957838d4231f461dafdcf9fce0d7577988ca037ea
GB1,4,c22_equal_rank,same_capacity_ablation24,1.0,0.825004381071726,0.17499561892827398,760c8b1d9e68bbab363fd840c8d5f1bffb81f54a4ce632cb4353e411cca8ef34
GB1,5,c22_equal_rank,same_capacity_ablation24,0.8345908537078612,0.8345908537078612,0.0,dad88343fed4cce94b44dc99c5efd6b95ac019faaa9d26127024a04cfcab05c4
GB1,6,c22_equal_rank,same_capacity_ablation24,0.8624627606050047,0.9181903148057718,-0.05572755420076714,bca8a6a6096b98a03684657b01b839e8984f3bf76321c1aa4694a4033c8eca25
GB1,7,c22_equal_rank,same_capacity_ablation24,0.6587599672965438,0.6587599672965438,0.0,d67e129044eec7ed0f0e3c68f3cb08c0656b53200a6806211b7386693fa3236f
GB1,8,c22_equal_rank,same_capacity_ablation24,1.0,0.825004381071726,0.17499561892827398,97cd34b42ba214aa246188b582da57865e61f6c50751d1be8f83b082f09346ad
GB1,9,c22_equal_rank,same_capacity_ablation24,1.0,0.7352767757755749,0.26472322422442507,1bad2dad0ba1cc7d69134e9e0c7b09a082ae6043df6df996608d521ef2f51c2e
GB1,10,c22_equal_rank,same_capacity_ablation24,0.6895801554372128,0.687915107481905,0.0016650479553078634,fd5f92024740c5dacee4eb466b79a02a998897191dc2d97848dbe18584faf500
GB1,11,c22_equal_rank,same_capacity_ablation24,0.6209353905963313,0.825004381071726,-0.20406899047539473,a9fab25de0b2cb9fe80d5a7effaa8acf9e7a3e4a913af0bb0cd9d78017b7cbdd
GB1,12,c22_equal_rank,same_capacity_ablation24,0.8345908537078612,0.8345908537078612,0.0,de2286285690d85d7b32f30a7e5046ea00e95c6e961d4a68c0afca818c5c44a3
GB1,13,c22_equal_rank,same_capacity_ablation24,0.8345908537078612,0.8345908537078612,0.0,ae521d056cbd2a04cdd9628809e93d834edb438e0b4ed54c07ad81796ce341b1
GB1,14,c22_equal_rank,same_capacity_ablation24,0.8345908537078612,0.8345908537078612,0.0,b478ee0fcd01867d941c100bab9024a7299e0e2ddce5b03e8872fc4ae3f19982
GB1,15,c22_equal_rank,same_capacity_ablation24,0.8345908537078612,0.8345908537078612,0.0,cd8d10034047e64d183d307df01cbe40a530ac2a5946b4c22a75c24e521182fc
GB1,16,c22_equal_rank,same_capacity_ablation24,0.7352767757755749,0.7352767757755749,0.0,87577044334c1be3dab204e51a686c8148272608a33331c454229cbbd9e6f2bf
GB1,17,c22_equal_rank,same_capacity_ablation24,0.8345908537078612,0.8345908537078612,0.0,ef5b92d31c7c533daf6589882842f42aef77fdc4221e964bbf7b1237fc2604ba
GB1,18,c22_equal_rank,same_capacity_ablation24,1.0,0.825004381071726,0.17499561892827398,e9f0de1529150fedc5bc2c3d5a611f79dbbbaed621dd8331eeb9c4a5caf500b1
GB1,19,c22_equal_rank,same_capacity_ablation24,0.8345908537078612,0.8345908537078612,0.0,8a95cb2862771c5e46d2f1a25277b06f3412ca4c7c3a1faaeb893a5178a037f6
GB1,20,c22_equal_rank,same_capacity_ablation24,0.8311300290264457,0.8345908537078612,-0.0034608246814155086,2ab7064ef6c9035587cc49ed7a6872de9bf3689ef5fa63680d1704934015e580
GB1,21,c22_equal_rank,same_capacity_ablation24,0.8624627606050047,0.825004381071726,0.037458379533278685,415aeb893b295f24230d8c3636e0e33ae172fef81578eb327fea7c2f088a375f
GB1,22,c22_equal_rank,same_capacity_ablation24,1.0,1.0,0.0,a430a3420808f831cbdc29337ff22ed9c4f7ab05ed39cac227975c9ab2a449a9
GB1,23,c22_equal_rank,same_capacity_ablation24,0.8345908537078612,0.8345908537078612,0.0,1d744a536d2275abecfe2bbd83631d3925c8764c5c0c2ac6f89936f44cbff8e1
PABP,0,c0_fine_only,same_capacity_ablation24,2.868778599,2.868778599,0.0,6d1024394e7bda73a5dc29c25c5f82b49180dd60afb53557620c93277cd053a4
PABP,1,c0_fine_only,same_capacity_ablation24,2.868778599,2.868778599,0.0,7408ecda789e04e885e9cbacad2c8e2ac1c8902d85233dd7fa8ab0898f81d826
PABP,2,c0_fine_only,same_capacity_ablation24,2.868778599,2.868778599,0.0,f85835ad90acfa544268e9cb92fe45f46926b901efd8348b470f535e37c7c194
PABP,3,c0_fine_only,same_capacity_ablation24,1.854210558,2.868778599,-1.0145680410000002,8ef5ac795423b62c1dfc2c57262025f28ba97724b2c939701a2d63d56a779d5f
PABP,4,c0_fine_only,same_capacity_ablation24,2.868778599,2.868778599,0.0,7d1d2fb7002c446d2dcd8125a75dabc00bd4980e6266c01ba8a355cb372a9e16
PABP,5,c0_fine_only,same_capacity_ablation24,2.0996727180000003,2.0996727180000003,0.0,f4567b40bae0771478a88098caaf76f85a30b5abe17ea1d22c784974cd4ce20c
PABP,6,c0_fine_only,same_capacity_ablation24,2.868778599,2.868778599,0.0,d12b4c1a7743249e4d6767356099c86e65f7a866afe499918d4750ab748f5e4a
PABP,7,c0_fine_only,same_capacity_ablation24,1.974613841,1.974613841,0.0,704b7d248326d1984b89ae351626a4d63106b880974bf85db98d22a50501358c
PABP,8,c0_fine_only,same_capacity_ablation24,1.960901245,2.042122007,-0.08122076200000006,30551465482550fcd633f07ed174b26da99b62e7fea612ddb439d3bcbf32f55e
PABP,9,c0_fine_only,same_capacity_ablation24,1.822900012,2.868778599,-1.045878587,6ab0a49ae02cd056cee51e0c019bfeac73144ab9f3a464e9d22a30e0b84eb58f
PABP,10,c0_fine_only,same_capacity_ablation24,1.964409118,1.822900012,0.141509106,8bed3776559f03b9d1cc87d5bc5d044117f04fba9c3d9299ff8f2e3020593b64
PABP,11,c0_fine_only,same_capacity_ablation24,2.868778599,2.081572091,0.7872065080000001,5f4c1067e18f3bdccbea32c43f39ea124762a0612a90bbbd2b8e0392cbd1db23
PABP,12,c0_fine_only,same_capacity_ablation24,2.128194918,1.765268704,0.36292621400000025,a621d51ed012040650e3e49a3463633bd80014848b427314bb61fecd51606dc3
PABP,13,c0_fine_only,same_capacity_ablation24,2.868778599,1.822900012,1.045878587,ac7478bc18a8780f12753c677375f2d4dcbb8b2617e35505f963668afa71a4a1
PABP,14,c0_fine_only,same_capacity_ablation24,2.627942865,2.627942865,0.0,610361bdf35838f6c0f790c82f4b69fcd9c819c14d9a7eb2417f55eca8491430
PABP,15,c0_fine_only,same_capacity_ablation24,2.308485747,1.83326862,0.4752171270000003,4c333bbf60a9c87ddd0e545ee3ed9bba9cf103ebb15f9b103279828751a4acc5
PABP,16,c0_fine_only,same_capacity_ablation24,2.627942865,2.081572091,0.5463707740000001,fb239d18290b1e2912c4627934d726b178c78e0f9f8db73cde9e4c0364d1c46c
PABP,17,c0_fine_only,same_capacity_ablation24,2.868778599,1.870398111,0.998380488,0313808fff9e405df5ec61d8165a85e26ab384aea7716c393d3af178e71a8acb
PABP,18,c0_fine_only,same_capacity_ablation24,1.964409118,2.868778599,-0.904369481,fba6315c20b88b57f9339b5449b42968e975dfeaea2bfba9d90e6938ffe6e65c
PABP,19,c0_fine_only,same_capacity_ablation24,1.964409118,2.868778599,-0.904369481,a951b9cd6e315ac381b7688541f672a5c4c3cc1b68a44b81991889447ed20a36
PABP,20,c0_fine_only,same_capacity_ablation24,1.964409118,1.854210558,0.11019856000000017,887c3e02041eeab3b4731471e6056c517c505721b3f94217f05c7489bc10909b
PABP,21,c0_fine_only,same_capacity_ablation24,2.868778599,2.128194918,0.7405836809999999,5edbe1e2675db83bb3a27fbefcb70df325f0dad2b4efe9c2efc32e2797add9e4
PABP,22,c0_fine_only,same_capacity_ablation24,2.868778599,2.868778599,0.0,ff4e29086e6f66e9a6ac81a756ab137e6bb23940e1d3fb1f21fbee5ba51bf7e5
PABP,23,c0_fine_only,same_capacity_ablation24,1.822900012,2.372511545,-0.549611533,b6ac3fa04d377d303e7f47c1fc258a2125b337052fef6cbc83fea7992eda87fd
PABP,0,c22_equal_rank,same_capacity_ablation24,2.868778599,1.974613841,0.8941647580000001,6d1024394e7bda73a5dc29c25c5f82b49180dd60afb53557620c93277cd053a4
PABP,1,c22_equal_rank,same_capacity_ablation24,2.868778599,2.868778599,0.0,7408ecda789e04e885e9cbacad2c8e2ac1c8902d85233dd7fa8ab0898f81d826
PABP,2,c22_equal_rank,same_capacity_ablation24,2.868778599,2.868778599,0.0,f85835ad90acfa544268e9cb92fe45f46926b901efd8348b470f535e37c7c194
PABP,3,c22_equal_rank,same_capacity_ablation24,1.854210558,1.827467137,0.026743420999999934,8ef5ac795423b62c1dfc2c57262025f28ba97724b2c939701a2d63d56a779d5f
PABP,4,c22_equal_rank,same_capacity_ablation24,2.868778599,1.822900012,1.045878587,7d1d2fb7002c446d2dcd8125a75dabc00bd4980e6266c01ba8a355cb372a9e16
PABP,5,c22_equal_rank,same_capacity_ablation24,2.0996727180000003,1.786856756,0.3128159620000004,f4567b40bae0771478a88098caaf76f85a30b5abe17ea1d22c784974cd4ce20c
PABP,6,c22_equal_rank,same_capacity_ablation24,2.868778599,2.868778599,0.0,d12b4c1a7743249e4d6767356099c86e65f7a866afe499918d4750ab748f5e4a
PABP,7,c22_equal_rank,same_capacity_ablation24,1.974613841,1.806536913,0.16807692800000007,704b7d248326d1984b89ae351626a4d63106b880974bf85db98d22a50501358c
PABP,8,c22_equal_rank,same_capacity_ablation24,1.960901245,2.627942865,-0.66704162,30551465482550fcd633f07ed174b26da99b62e7fea612ddb439d3bcbf32f55e
PABP,9,c22_equal_rank,same_capacity_ablation24,1.822900012,1.822900012,0.0,6ab0a49ae02cd056cee51e0c019bfeac73144ab9f3a464e9d22a30e0b84eb58f
PABP,10,c22_equal_rank,same_capacity_ablation24,1.964409118,1.822900012,0.141509106,8bed3776559f03b9d1cc87d5bc5d044117f04fba9c3d9299ff8f2e3020593b64
PABP,11,c22_equal_rank,same_capacity_ablation24,2.868778599,2.868778599,0.0,5f4c1067e18f3bdccbea32c43f39ea124762a0612a90bbbd2b8e0392cbd1db23
PABP,12,c22_equal_rank,same_capacity_ablation24,2.128194918,2.128194918,0.0,a621d51ed012040650e3e49a3463633bd80014848b427314bb61fecd51606dc3
PABP,13,c22_equal_rank,same_capacity_ablation24,2.868778599,2.868778599,0.0,ac7478bc18a8780f12753c677375f2d4dcbb8b2617e35505f963668afa71a4a1
PABP,14,c22_equal_rank,same_capacity_ablation24,2.627942865,2.627942865,0.0,610361bdf35838f6c0f790c82f4b69fcd9c819c14d9a7eb2417f55eca8491430
PABP,15,c22_equal_rank,same_capacity_ablation24,2.308485747,2.308485747,0.0,4c333bbf60a9c87ddd0e545ee3ed9bba9cf103ebb15f9b103279828751a4acc5
PABP,16,c22_equal_rank,same_capacity_ablation24,2.627942865,2.627942865,0.0,fb239d18290b1e2912c4627934d726b178c78e0f9f8db73cde9e4c0364d1c46c
PABP,17,c22_equal_rank,same_capacity_ablation24,2.868778599,1.806536913,1.0622416860000001,0313808fff9e405df5ec61d8165a85e26ab384aea7716c393d3af178e71a8acb
PABP,18,c22_equal_rank,same_capacity_ablation24,1.964409118,2.868778599,-0.904369481,fba6315c20b88b57f9339b5449b42968e975dfeaea2bfba9d90e6938ffe6e65c
PABP,19,c22_equal_rank,same_capacity_ablation24,1.964409118,1.822900012,0.141509106,a951b9cd6e315ac381b7688541f672a5c4c3cc1b68a44b81991889447ed20a36
PABP,20,c22_equal_rank,same_capacity_ablation24,1.964409118,1.964409118,0.0,887c3e02041eeab3b4731471e6056c517c505721b3f94217f05c7489bc10909b
PABP,21,c22_equal_rank,same_capacity_ablation24,2.868778599,1.83748788,1.031290719,5edbe1e2675db83bb3a27fbefcb70df325f0dad2b4efe9c2efc32e2797add9e4
PABP,22,c22_equal_rank,same_capacity_ablation24,2.868778599,2.868778599,0.0,ff4e29086e6f66e9a6ac81a756ab137e6bb23940e1d3fb1f21fbee5ba51bf7e5
PABP,23,c22_equal_rank,same_capacity_ablation24,1.822900012,1.822900012,0.0,b6ac3fa04d377d303e7f47c1fc258a2125b337052fef6cbc83fea7992eda87fd
TrpB,0,c0_fine_only,same_capacity_ablation24,0.922559227,1.0,-0.07744077299999996,4fd5cb77e2e0541fe78d7170a66d3083b28d54f916dae6bc9a56821e67194f9d
TrpB,1,c0_fine_only,same_capacity_ablation24,0.932033526,0.922559227,0.009474298999999964,0c6e3068b7d90987a81bef7fcff3676b00e01b2bf80a8208d35f21a939bdfaae
TrpB,2,c0_fine_only,same_capacity_ablation24,0.922559227,0.800478399,0.12208082800000009,3407791dacaba40f2790153b52b0286db3649cd0062cdaf6db8396a0f47cc4ab
TrpB,3,c0_fine_only,same_capacity_ablation24,0.832570233,0.932033526,-0.09946329300000001,4aefb38af86b032c265b0e8a0453c8d34464a3c6718bbcb7a934a8463474c674
TrpB,4,c0_fine_only,same_capacity_ablation24,0.895147379,0.800478399,0.09466898000000001,3841e79987b05af6269300f7263803753afbfdfc239a53f2f83b7dacef9ecde3
TrpB,5,c0_fine_only,same_capacity_ablation24,0.932033526,1.0,-0.067966474,b318e474b3fcff54addffa9ad218aea3f730a7bb816f213f32158848ca378c2e
TrpB,6,c0_fine_only,same_capacity_ablation24,1.0,0.932033526,0.067966474,e2a7cff41f0dfa600a1a13ed23b3b7cd945e03dcadd7144b10618292fd1629fe
TrpB,7,c0_fine_only,same_capacity_ablation24,0.922559227,0.841000643,0.08155858400000005,49ef80fbdc15eab66107573e2ebcd73e639d8af9b3a1a4d6e618a996b5747b40
TrpB,8,c0_fine_only,same_capacity_ablation24,0.932033526,0.932033526,0.0,d1a367c683086031cb2b068f11ac405034f9a77d99a5a243c709672dbe904cde
TrpB,9,c0_fine_only,same_capacity_ablation24,0.922559227,0.932033526,-0.009474298999999964,e83d5c865780a40951aec368c4c47b5dff1592e621261cc8b55045aa1bd40ede
TrpB,10,c0_fine_only,same_capacity_ablation24,0.922559227,0.932033526,-0.009474298999999964,fffee4a8f4b6004a5a1dacfd3bd83b1c34253ce5ee5627406f2bb4bcc787cb0c
TrpB,11,c0_fine_only,same_capacity_ablation24,0.922559227,0.752894791,0.16966443600000003,6e319f59b8a593f11480bc0ef2168ddfbccd0aafcd5dceff16037de18b29e1b6
TrpB,12,c0_fine_only,same_capacity_ablation24,1.0,1.0,0.0,3362914e16c3a10b0fdbd6032fa3befaf48d5bfb3ed67fcf3f7717b405a8fca8
TrpB,13,c0_fine_only,same_capacity_ablation24,1.0,0.800478399,0.19952160100000005,aed5492ca23f9cca3fafd83f870fe44be5e30a5bdeb16e7f7eaa876fd0bb05d1
TrpB,14,c0_fine_only,same_capacity_ablation24,0.932033526,0.932033526,0.0,7dfe478ec28262f6323d56c1866e975e204c8659e9439be652d694ab2f82e544
TrpB,15,c0_fine_only,same_capacity_ablation24,0.922559227,0.909769373,0.01278985399999999,aab51b2a01128aa321aa26c0fd560ac75e7d2627c143140130337c17d949d531
TrpB,16,c0_fine_only,same_capacity_ablation24,0.922559227,0.700465041,0.22209418600000008,13ab4eef3f95734ccd8f1f1f6b7b571d47b21672b35549e05b02343acf8072d8
TrpB,17,c0_fine_only,same_capacity_ablation24,0.922559227,0.922559227,0.0,8aa92671bcad7e5f9ef4a98047eb24d80371c475ea613d045818006570b834d8
TrpB,18,c0_fine_only,same_capacity_ablation24,0.932033526,0.794515883,0.13751764300000002,df9a40f5ca466e5e5dbc605150b3f1e915e33b2d1e7fca3c03cc8f765e86e41d
TrpB,19,c0_fine_only,same_capacity_ablation24,0.932033526,0.801936097,0.130097429,5d8e1b6798ccbbc77e6b0beeb6e40a2d0cb6c9d0eed081e445ab0de9fc0e8d9b
TrpB,20,c0_fine_only,same_capacity_ablation24,0.932033526,0.922559227,0.009474298999999964,cec5069be80f5052f922b07ab76460b9c6a8411760c5256a57a8acd75e4d567c
TrpB,21,c0_fine_only,same_capacity_ablation24,0.922559227,1.0,-0.07744077299999996,80bc38d86aef9a3cc8bb87e1bcf1a59cd881268362da5684f9b74d0ec5d159cb
TrpB,22,c0_fine_only,same_capacity_ablation24,0.922559227,1.0,-0.07744077299999996,239eff16709a44d7e1a897b3bcc2bd8612c0206662b6a08672746130ccd9886f
TrpB,23,c0_fine_only,same_capacity_ablation24,0.922559227,0.932033526,-0.009474298999999964,ab5084d0766f5362c55d88eaa3ec8021eafeb672e560ed892c4d685698aeb0e6
TrpB,0,c22_equal_rank,same_capacity_ablation24,0.922559227,0.922559227,0.0,4fd5cb77e2e0541fe78d7170a66d3083b28d54f916dae6bc9a56821e67194f9d
TrpB,1,c22_equal_rank,same_capacity_ablation24,0.932033526,0.922559227,0.009474298999999964,0c6e3068b7d90987a81bef7fcff3676b00e01b2bf80a8208d35f21a939bdfaae
TrpB,2,c22_equal_rank,same_capacity_ablation24,0.922559227,0.895147379,0.027411848000000072,3407791dacaba40f2790153b52b0286db3649cd0062cdaf6db8396a0f47cc4ab
TrpB,3,c22_equal_rank,same_capacity_ablation24,0.832570233,0.800478399,0.03209183400000004,4aefb38af86b032c265b0e8a0453c8d34464a3c6718bbcb7a934a8463474c674
TrpB,4,c22_equal_rank,same_capacity_ablation24,0.895147379,0.88246645,0.012680928999999952,3841e79987b05af6269300f7263803753afbfdfc239a53f2f83b7dacef9ecde3
TrpB,5,c22_equal_rank,same_capacity_ablation24,0.932033526,0.922559227,0.009474298999999964,b318e474b3fcff54addffa9ad218aea3f730a7bb816f213f32158848ca378c2e
TrpB,6,c22_equal_rank,same_capacity_ablation24,1.0,0.932033526,0.067966474,e2a7cff41f0dfa600a1a13ed23b3b7cd945e03dcadd7144b10618292fd1629fe
TrpB,7,c22_equal_rank,same_capacity_ablation24,0.922559227,0.895147379,0.027411848000000072,49ef80fbdc15eab66107573e2ebcd73e639d8af9b3a1a4d6e618a996b5747b40
TrpB,8,c22_equal_rank,same_capacity_ablation24,0.932033526,0.932033526,0.0,d1a367c683086031cb2b068f11ac405034f9a77d99a5a243c709672dbe904cde
TrpB,9,c22_equal_rank,same_capacity_ablation24,0.922559227,0.922559227,0.0,e83d5c865780a40951aec368c4c47b5dff1592e621261cc8b55045aa1bd40ede
TrpB,10,c22_equal_rank,same_capacity_ablation24,0.922559227,0.895147379,0.027411848000000072,fffee4a8f4b6004a5a1dacfd3bd83b1c34253ce5ee5627406f2bb4bcc787cb0c
TrpB,11,c22_equal_rank,same_capacity_ablation24,0.922559227,0.845869121,0.07669010600000004,6e319f59b8a593f11480bc0ef2168ddfbccd0aafcd5dceff16037de18b29e1b6
TrpB,12,c22_equal_rank,same_capacity_ablation24,1.0,0.932033526,0.067966474,3362914e16c3a10b0fdbd6032fa3befaf48d5bfb3ed67fcf3f7717b405a8fca8
TrpB,13,c22_equal_rank,same_capacity_ablation24,1.0,0.932033526,0.067966474,aed5492ca23f9cca3fafd83f870fe44be5e30a5bdeb16e7f7eaa876fd0bb05d1
TrpB,14,c22_equal_rank,same_capacity_ablation24,0.932033526,0.922559227,0.009474298999999964,7dfe478ec28262f6323d56c1866e975e204c8659e9439be652d694ab2f82e544
TrpB,15,c22_equal_rank,same_capacity_ablation24,0.922559227,0.932033526,-0.009474298999999964,aab51b2a01128aa321aa26c0fd560ac75e7d2627c143140130337c17d949d531
TrpB,16,c22_equal_rank,same_capacity_ablation24,0.922559227,0.922559227,0.0,13ab4eef3f95734ccd8f1f1f6b7b571d47b21672b35549e05b02343acf8072d8
TrpB,17,c22_equal_rank,same_capacity_ablation24,0.922559227,0.895147379,0.027411848000000072,8aa92671bcad7e5f9ef4a98047eb24d80371c475ea613d045818006570b834d8
TrpB,18,c22_equal_rank,same_capacity_ablation24,0.932033526,0.916559381,0.015474144999999995,df9a40f5ca466e5e5dbc605150b3f1e915e33b2d1e7fca3c03cc8f765e86e41d
TrpB,19,c22_equal_rank,same_capacity_ablation24,0.932033526,0.922559227,0.009474298999999964,5d8e1b6798ccbbc77e6b0beeb6e40a2d0cb6c9d0eed081e445ab0de9fc0e8d9b
TrpB,20,c22_equal_rank,same_capacity_ablation24,0.932033526,0.922559227,0.009474298999999964,cec5069be80f5052f922b07ab76460b9c6a8411760c5256a57a8acd75e4d567c
TrpB,21,c22_equal_rank,same_capacity_ablation24,0.922559227,0.922559227,0.0,80bc38d86aef9a3cc8bb87e1bcf1a59cd881268362da5684f9b74d0ec5d159cb
TrpB,22,c22_equal_rank,same_capacity_ablation24,0.922559227,0.922559227,0.0,239eff16709a44d7e1a897b3bcc2bd8612c0206662b6a08672746130ccd9886f
TrpB,23,c22_equal_rank,same_capacity_ablation24,0.922559227,0.922559227,0.0,ab5084d0766f5362c55d88eaa3ec8021eafeb672e560ed892c4d685698aeb0e6
