benchmark,arm,method,cohort,n,Final_mean,Final_sd,Final_ci95_low,Final_ci95_high,Query_AUC_mean,Query_AUC_sd,Query_AUC_ci95_low,Query_AUC_ci95_high
GB1,bata,BATA,native70_sensitivity,70,0.8662480212419587,0.11472451258662356,0.8391903307556826,0.8927521592269962,0.6816270170576338,0.08776807477045978,0.6612119445805333,0.7020064718407002
GB1,alde,ALDE,native70_sensitivity,70,0.9422906290443397,0.10147228858762487,0.9171872442149706,0.9644762834957669,0.7524654407180222,0.09753729649300084,0.7293983204678308,0.775030974030368
GB1,evolvepro650,EVOLVEpro-650M,native70_sensitivity,70,0.7908760168262539,0.110624289958956,0.7651911369804817,0.8165475572124782,0.6374445116299304,0.10497663486676234,0.6129866726350545,0.6622472231856027
GB1,reap100,REAP100-650M,native70_sensitivity,70,0.9343249822561768,0.07689225213048435,0.9161167991567065,0.9518289339514845,0.7188445044717389,0.09315392505840009,0.6969006427245853,0.7407038398349759
GB1,rf_onehot,RF,native70_sensitivity,70,0.8238129131577074,0.12135384099268644,0.7953376233597165,0.8514062256739802,0.6850199203452656,0.11902691493362717,0.6573012754389852,0.7122045732879683
TrpB,bata,BATA,native70_sensitivity,70,0.9181251547857142,0.04410544465383834,0.9074744660696428,0.9278788554260714,0.791080156430357,0.051766849774898045,0.7791022899522321,0.8030502122394195
TrpB,alde,ALDE,native70_sensitivity,70,0.9090656694714285,0.10318432455746353,0.8847975482525,0.932625938355,0.7733901031160714,0.09061806446702642,0.7522087871596874,0.7945807431179018
TrpB,evolvepro650,EVOLVEpro-650M,native70_sensitivity,70,0.9082363876285715,0.07836489724666912,0.8898404996003572,0.9262055760407141,0.7656017090428573,0.0831418256568701,0.7464461969850447,0.7849880999694198
TrpB,reap100,REAP100-650M,native70_sensitivity,70,0.9232214423857144,0.10449007180498664,0.898276846107143,0.9471002402817856,0.7687474123553572,0.09597559204101205,0.7464104697141516,0.7912926939597321
TrpB,rf_onehot,RF,native70_sensitivity,70,0.8915652866,0.1387446568830828,0.8584070217496428,0.9226657553967856,0.7468670122392858,0.11279616594273874,0.7201823451071876,0.7727684162846428
