benchmark,group,cohort,round1,round4,change
GB1,0,original_main35,0.27639565734130356,0.18200664106964617,-0.09438901627165738
GB1,1,original_main35,0.3447562275692509,0.45775443587108877,0.11299820830183788
GB1,2,original_main35,0.40658265893941814,0.1258573091226701,-0.280725349816748
GB1,3,original_main35,0.4713823061899268,0.13925686968298703,-0.3321254365069398
GB1,4,original_main35,0.6836986464868485,0.25166207549725805,-0.4320365709895905
GB1,5,original_main35,0.5927172267993406,0.016064663311201776,-0.5766525634881388
GB1,6,original_main35,0.2487535919176006,0.0,-0.2487535919176006
GB1,7,original_main35,0.5300079001083632,0.0,-0.5300079001083632
GB1,8,original_main35,0.600643495569742,0.0547723899410298,-0.5458711056287121
GB1,9,original_main35,0.3862839941216964,0.024720082033881388,-0.361563912087815
GB1,10,original_main35,0.5426136948852205,0.04852158438136063,-0.49409211050385987
GB1,11,original_main35,0.7275897620633295,0.19268551942039552,-0.534904242642934
GB1,12,original_main35,0.44982512823632304,0.13885966756156656,-0.3109654606747565
GB1,13,original_main35,0.18758151247483065,0.0,-0.18758151247483065
GB1,14,original_main35,0.5062777472163329,0.07567506980481577,-0.43060267741151714
GB1,15,original_main35,0.5166549077319667,0.0,-0.5166549077319667
GB1,16,original_main35,0.38125214796187085,0.4716010991283576,0.09034895116648678
GB1,17,original_main35,0.8338117925560491,0.11878199009548675,-0.7150298024605624
GB1,18,original_main35,0.40276568605778035,0.0,-0.40276568605778035
GB1,19,original_main35,0.43966977093463755,0.005909410002185311,-0.43376036093245224
GB1,20,original_main35,0.38976373010126975,0.0,-0.38976373010126975
GB1,21,original_main35,0.4392549367689158,0.0,-0.4392549367689158
GB1,22,original_main35,0.4461975731447889,0.056932595826512264,-0.38926497731827664
GB1,23,original_main35,0.4716670961845149,0.17560492061215888,-0.29606217557235603
GB1,24,original_main35,0.15500766413421904,0.1271923714536162,-0.027815292680602843
GB1,25,original_main35,0.3960414161421517,0.0,-0.3960414161421517
GB1,26,original_main35,0.576869950573522,0.015622369665916609,-0.5612475809076054
GB1,27,original_main35,0.1701722139799018,0.020412128977503736,-0.14976008500239804
GB1,28,original_main35,0.423180419716692,0.006926226963236174,-0.4162541927534558
GB1,29,original_main35,0.5291880010049002,0.0,-0.5291880010049002
GB1,30,original_main35,0.5346357965981988,0.022337811195317178,-0.5122979854028816
GB1,31,original_main35,0.614966364691289,0.22402866618690248,-0.3909376985043865
GB1,32,original_main35,0.592260869985861,0.0,-0.592260869985861
GB1,33,original_main35,0.5171915687455728,0.04235376956721656,-0.4748377991783563
GB1,34,original_main35,0.5291501000128,0.10303731015433136,-0.4261127898584687
PABP,0,original_main35,0.6186302712677059,0.14797952430790567,-0.4706507469598002
PABP,1,original_main35,0.4404370147900268,0.636103411342028,0.1956663965520012
PABP,2,original_main35,0.2758795872880053,0.39905677641729304,0.12317718912928771
PABP,3,original_main35,0.5125997885767859,0.2760946784524921,-0.23650511012429382
PABP,4,original_main35,0.4087480671248,0.4888773312116347,0.08012926408683468
PABP,5,original_main35,0.3557315563174016,0.11185203536708839,-0.24387952095031323
PABP,6,original_main35,0.5340072798738247,0.19973983562789902,-0.3342674442459257
PABP,7,original_main35,0.38305769428931086,0.7639695107486214,0.38091181645931055
PABP,8,original_main35,0.4049855677799576,0.5189050543035801,0.11391948652362255
PABP,9,original_main35,0.5434440836176279,0.5496686860092247,0.006224602391596834
PABP,10,original_main35,0.25368961329097256,0.6181316590879636,0.3644420457969911
PABP,11,original_main35,0.12710787141534982,0.3237330140798287,0.19662514266447886
PABP,12,original_main35,0.27476928970287784,0.376122144076617,0.10135285437373914
PABP,13,original_main35,0.389945018420412,0.32182324798794776,-0.06812177043246426
PABP,14,original_main35,0.5706201493713574,0.4534544079909683,-0.1171657413803891
PABP,15,original_main35,0.5450368389726039,0.4435357264955786,-0.10150111247702531
PABP,16,original_main35,0.6136617138632791,0.0519902894242921,-0.561671424438987
PABP,17,original_main35,0.548618374677007,0.38885714128296145,-0.15976123339404558
PABP,18,original_main35,0.5964305684286906,0.31194729312447034,-0.28448327530422024
PABP,19,original_main35,0.3987885199211095,0.6590133740542696,0.26022485413316016
PABP,20,original_main35,0.4450534812475019,0.4343618396096535,-0.01069164163784836
PABP,21,original_main35,0.7224245333516799,0.035337223242807185,-0.6870873101088727
PABP,22,original_main35,0.4927283184915093,0.1363044640747941,-0.3564238544167152
PABP,23,original_main35,0.3699853500694676,0.41249476163051174,0.04250941156104415
PABP,24,original_main35,0.5883282261038346,0.503934264539085,-0.08439396156474965
PABP,25,original_main35,0.6282059763245942,0.5845083702955635,-0.04369760602903072
PABP,26,original_main35,0.34247952620870814,0.6415313435457632,0.2990518173370551
PABP,27,original_main35,0.6847089426421796,0.09659666989691301,-0.5881122727452666
PABP,28,original_main35,0.3744387381089356,0.44271163362922267,0.06827289552028709
PABP,29,original_main35,0.5104868255807637,0.19037651025065044,-0.3201103153301133
PABP,30,original_main35,0.3566777774102942,0.2968632521160296,-0.05981452529426462
PABP,31,original_main35,0.40526017003662634,0.4347711720551192,0.029511002018492882
PABP,32,original_main35,0.49311929216411615,0.5420037639955771,0.048884471831460996
PABP,33,original_main35,0.6693753772050126,0.5609757309115112,-0.1083996462935014
PABP,34,original_main35,0.22373761928925717,0.7501501235204953,0.5264125042312381
TrpB,0,original_main35,0.7228364829290661,0.45823582974912835,-0.26460065317993775
TrpB,1,original_main35,0.3011165768769961,0.09051510692720362,-0.2106014699497925
TrpB,2,original_main35,0.573913153075797,0.18947648036956496,-0.38443667270623205
TrpB,3,original_main35,0.46098619956056347,0.19221480737068647,-0.268771392189877
TrpB,4,original_main35,0.326470159988895,0.07607976095281156,-0.25039039903608346
TrpB,5,original_main35,0.4273394135775703,0.10021059548748583,-0.3271288180900845
TrpB,6,original_main35,0.2508690189440126,0.0,-0.2508690189440126
TrpB,7,original_main35,0.5650075497124055,0.0,-0.5650075497124055
TrpB,8,original_main35,0.4630842732297802,0.7246602643799374,0.26157599115015717
TrpB,9,original_main35,0.5597089920036105,0.031909699162211244,-0.5277992928413993
TrpB,10,original_main35,0.4663392167370367,0.0,-0.4663392167370367
TrpB,11,original_main35,0.654447323790663,0.0,-0.654447323790663
TrpB,12,original_main35,0.47506059946631096,0.0,-0.47506059946631096
TrpB,13,original_main35,0.49964015859224065,0.0,-0.49964015859224065
TrpB,14,original_main35,0.6242918983723552,0.20287811588284094,-0.4214137824895143
TrpB,15,original_main35,0.5166734742792357,0.16867638988751102,-0.3479970843917247
TrpB,16,original_main35,0.4949262875970791,0.13259826414998335,-0.3623280234470957
TrpB,17,original_main35,0.6133071833373268,0.2075358447487696,-0.4057713385885572
TrpB,18,original_main35,0.5649472075872406,0.13794697212837512,-0.42700023545886545
TrpB,19,original_main35,0.8506201171172466,0.18022227254968595,-0.6703978445675607
TrpB,20,original_main35,0.7389016803982107,0.20497093146062678,-0.533930748937584
TrpB,21,original_main35,0.5121702565818849,0.0,-0.5121702565818849
TrpB,22,original_main35,0.39320563606423314,0.11374293564192853,-0.2794627004223046
TrpB,23,original_main35,0.4609167769858603,0.13431269972338736,-0.326604077262473
TrpB,24,original_main35,0.3955260873790399,0.2973315893238624,-0.09819449805517749
TrpB,25,original_main35,0.43981559525993125,0.0,-0.43981559525993125
TrpB,26,original_main35,0.6244672397976684,0.5500512481777181,-0.07441599161995027
TrpB,27,original_main35,0.35296060552548925,0.0,-0.35296060552548925
TrpB,28,original_main35,0.2735267399140665,0.16322711560191464,-0.11029962431215187
TrpB,29,original_main35,0.3012924926673589,0.23338247439037627,-0.06791001827698265
TrpB,30,original_main35,0.6786909034532426,0.0,-0.6786909034532426
TrpB,31,original_main35,0.5758565738895491,0.4836710482755908,-0.09218552561395832
TrpB,32,original_main35,0.6362551371458339,0.4417599058642725,-0.19449523128156143
TrpB,33,original_main35,0.5670682963489735,0.19155018860309442,-0.37551810774587907
TrpB,34,original_main35,0.7508336906534585,0.0,-0.7508336906534585
