benchmark,objective,group,algorithm_seed,Final,Query_AUC,unique_queries,disposition,manifest_sha256,initial96_sha256
GB1,G-Rank,0,2391947363,0.8345908537078612,0.6813452460763675,480,new,1e917fd1817b0b4d3b6ec92d6329fdabc547aa964e717fe12b9b734b30ed0197,664defdd01cf4ff9b0b308d8eb50fb8422864a7d8dd5281b19a38aae79d1a2a9
GB1,T-Uniform-96,0,2391947363,0.8345908537078612,0.6813452460763675,480,new,1e917fd1817b0b4d3b6ec92d6329fdabc547aa964e717fe12b9b734b30ed0197,664defdd01cf4ff9b0b308d8eb50fb8422864a7d8dd5281b19a38aae79d1a2a9
GB1,T-DCG-96,0,2391947363,0.7849778591964844,0.6751436217624454,480,reuse,1e917fd1817b0b4d3b6ec92d6329fdabc547aa964e717fe12b9b734b30ed0197,664defdd01cf4ff9b0b308d8eb50fb8422864a7d8dd5281b19a38aae79d1a2a9
GB1,T-DCG-192,0,2391947363,0.8345908537078612,0.6813452460763675,480,new,1e917fd1817b0b4d3b6ec92d6329fdabc547aa964e717fe12b9b734b30ed0197,664defdd01cf4ff9b0b308d8eb50fb8422864a7d8dd5281b19a38aae79d1a2a9
GB1,G-Rank,1,3909839147,0.8345908537078612,0.6188131491975344,480,new,507edde1cdbfaba997ca78539312402939965f63de56fa85c84069c235213a9d,bb9bfdd44de9aaf53fa42de93caa535d5735cae42f2130252d43626e30c776c9
GB1,T-Uniform-96,1,3909839147,0.8345908537078612,0.643641668680606,480,new,507edde1cdbfaba997ca78539312402939965f63de56fa85c84069c235213a9d,bb9bfdd44de9aaf53fa42de93caa535d5735cae42f2130252d43626e30c776c9
GB1,T-DCG-96,1,3909839147,0.8345908537078612,0.6220319330991453,480,reuse,507edde1cdbfaba997ca78539312402939965f63de56fa85c84069c235213a9d,bb9bfdd44de9aaf53fa42de93caa535d5735cae42f2130252d43626e30c776c9
GB1,T-DCG-192,1,3909839147,1.0,0.6427080763856626,480,new,507edde1cdbfaba997ca78539312402939965f63de56fa85c84069c235213a9d,bb9bfdd44de9aaf53fa42de93caa535d5735cae42f2130252d43626e30c776c9
GB1,G-Rank,2,3532526178,1.0,0.6138375267645537,480,new,58875f0f5397c1f8d0f9a54fc9f4ddfcfa2a7bb9159f744a2913b523770ccea9,364f4248fc7fb349fcd36320fadb6a2ef0949d3c3c92f5ffb6fa5a39c3d60d8a
GB1,T-Uniform-96,2,3532526178,1.0,0.6138375267645537,480,new,58875f0f5397c1f8d0f9a54fc9f4ddfcfa2a7bb9159f744a2913b523770ccea9,364f4248fc7fb349fcd36320fadb6a2ef0949d3c3c92f5ffb6fa5a39c3d60d8a
GB1,T-DCG-96,2,3532526178,1.0,0.6088829620350888,480,reuse,58875f0f5397c1f8d0f9a54fc9f4ddfcfa2a7bb9159f744a2913b523770ccea9,364f4248fc7fb349fcd36320fadb6a2ef0949d3c3c92f5ffb6fa5a39c3d60d8a
GB1,T-DCG-192,2,3532526178,0.825004381071726,0.5699715485451795,480,new,58875f0f5397c1f8d0f9a54fc9f4ddfcfa2a7bb9159f744a2913b523770ccea9,364f4248fc7fb349fcd36320fadb6a2ef0949d3c3c92f5ffb6fa5a39c3d60d8a
GB1,G-Rank,3,971754746,0.8345908537078612,0.6708737722539185,480,new,a2b150dad09a72e4803a55db9a4f75e1ea26db6a819301da6d6949f9b5045065,b264ffcdf2b19346b2c9233105ba40bde296a5c81ef771b3c335710285ac93f5
GB1,T-Uniform-96,3,971754746,1.0,0.6667213960573642,480,new,a2b150dad09a72e4803a55db9a4f75e1ea26db6a819301da6d6949f9b5045065,b264ffcdf2b19346b2c9233105ba40bde296a5c81ef771b3c335710285ac93f5
GB1,T-DCG-96,3,971754746,0.8345908537078612,0.6957022917369902,480,reuse,a2b150dad09a72e4803a55db9a4f75e1ea26db6a819301da6d6949f9b5045065,b264ffcdf2b19346b2c9233105ba40bde296a5c81ef771b3c335710285ac93f5
GB1,T-DCG-192,3,971754746,1.0,0.7124497808149135,480,new,a2b150dad09a72e4803a55db9a4f75e1ea26db6a819301da6d6949f9b5045065,b264ffcdf2b19346b2c9233105ba40bde296a5c81ef771b3c335710285ac93f5
GB1,G-Rank,4,2674163887,0.796777075497818,0.6077893277410035,480,new,c0edbd4a8355dae34b977c3afcf0f47f4696cd1890101b786a77137045f90c0c,c01070189c4fb294cd76142b066bc083772fcb5ff7caf2879e3b2279ed170535
GB1,T-Uniform-96,4,2674163887,0.7352767757755749,0.6001017902757231,480,new,c0edbd4a8355dae34b977c3afcf0f47f4696cd1890101b786a77137045f90c0c,c01070189c4fb294cd76142b066bc083772fcb5ff7caf2879e3b2279ed170535
GB1,T-DCG-96,4,2674163887,1.0,0.6103438831345951,480,reuse,c0edbd4a8355dae34b977c3afcf0f47f4696cd1890101b786a77137045f90c0c,c01070189c4fb294cd76142b066bc083772fcb5ff7caf2879e3b2279ed170535
GB1,T-DCG-192,4,2674163887,1.0,0.6441999395432235,480,new,c0edbd4a8355dae34b977c3afcf0f47f4696cd1890101b786a77137045f90c0c,c01070189c4fb294cd76142b066bc083772fcb5ff7caf2879e3b2279ed170535
GB1,G-Rank,5,2142772039,0.8345908537078612,0.7839757074996232,480,new,a699aea95586d25036e684e5a619b05b1d7af44841d64bf94a93bc3c745f9a22,eb2b5f3a381da1c33b0568dcd54ebc2aa614c7be8b8ce0f73d8b428553fee846
GB1,T-Uniform-96,5,2142772039,0.8345908537078612,0.7839757074996232,480,new,a699aea95586d25036e684e5a619b05b1d7af44841d64bf94a93bc3c745f9a22,eb2b5f3a381da1c33b0568dcd54ebc2aa614c7be8b8ce0f73d8b428553fee846
GB1,T-DCG-96,5,2142772039,0.8345908537078612,0.7839757074996232,480,reuse,a699aea95586d25036e684e5a619b05b1d7af44841d64bf94a93bc3c745f9a22,eb2b5f3a381da1c33b0568dcd54ebc2aa614c7be8b8ce0f73d8b428553fee846
GB1,T-DCG-192,5,2142772039,0.8345908537078612,0.7839757074996232,480,new,a699aea95586d25036e684e5a619b05b1d7af44841d64bf94a93bc3c745f9a22,eb2b5f3a381da1c33b0568dcd54ebc2aa614c7be8b8ce0f73d8b428553fee846
GB1,G-Rank,6,1273479957,1.0,0.6754849339025988,480,new,0fa758bcfc79f98bfb8d2339a60ec2fb14a1deb7385187bc4bc9a951600fb088,5276fc24a690b3f5969395f52e33e590ebd21b5e48c1722a179b2b6da3f71f84
GB1,T-Uniform-96,6,1273479957,0.825004381071726,0.6536104815365645,480,new,0fa758bcfc79f98bfb8d2339a60ec2fb14a1deb7385187bc4bc9a951600fb088,5276fc24a690b3f5969395f52e33e590ebd21b5e48c1722a179b2b6da3f71f84
GB1,T-DCG-96,6,1273479957,0.8624627606050047,0.7236467921622267,480,reuse,0fa758bcfc79f98bfb8d2339a60ec2fb14a1deb7385187bc4bc9a951600fb088,5276fc24a690b3f5969395f52e33e590ebd21b5e48c1722a179b2b6da3f71f84
GB1,T-DCG-192,6,1273479957,0.9181903148057718,0.7118835466706832,480,new,0fa758bcfc79f98bfb8d2339a60ec2fb14a1deb7385187bc4bc9a951600fb088,5276fc24a690b3f5969395f52e33e590ebd21b5e48c1722a179b2b6da3f71f84
GB1,G-Rank,7,474569769,0.6895801554372128,0.5367211697559752,480,new,547ba20f16adac47546069c956ca958afb3b847da1dfa41012a7dc1a36fccfc6,6982381943be087e4e7b355e2a0c59990e2c2c43d4ddcbf7f2b7e41a7224e732
GB1,T-Uniform-96,7,474569769,0.6587599672965438,0.5527481116276132,480,new,547ba20f16adac47546069c956ca958afb3b847da1dfa41012a7dc1a36fccfc6,6982381943be087e4e7b355e2a0c59990e2c2c43d4ddcbf7f2b7e41a7224e732
GB1,T-DCG-96,7,474569769,0.6587599672965438,0.5527481116276132,480,reuse,547ba20f16adac47546069c956ca958afb3b847da1dfa41012a7dc1a36fccfc6,6982381943be087e4e7b355e2a0c59990e2c2c43d4ddcbf7f2b7e41a7224e732
GB1,T-DCG-192,7,474569769,0.6587599672965438,0.5448401635745924,480,new,547ba20f16adac47546069c956ca958afb3b847da1dfa41012a7dc1a36fccfc6,6982381943be087e4e7b355e2a0c59990e2c2c43d4ddcbf7f2b7e41a7224e732
GB1,G-Rank,8,299468468,0.825004381071726,0.6380387385787992,480,new,210710995f6a16bcb13c3f84367f4c81ad397c3949cfb2f7f9d58868f291c601,bc4ecda401b12819a83b0fc9ee34340203d5f59763d8b347ca7f104b8dd8d8d3
GB1,T-Uniform-96,8,299468468,1.0,0.6692148461269889,480,new,210710995f6a16bcb13c3f84367f4c81ad397c3949cfb2f7f9d58868f291c601,bc4ecda401b12819a83b0fc9ee34340203d5f59763d8b347ca7f104b8dd8d8d3
GB1,T-DCG-96,8,299468468,1.0,0.6599131909448335,480,reuse,210710995f6a16bcb13c3f84367f4c81ad397c3949cfb2f7f9d58868f291c601,bc4ecda401b12819a83b0fc9ee34340203d5f59763d8b347ca7f104b8dd8d8d3
GB1,T-DCG-192,8,299468468,1.0,0.6599131909448335,480,new,210710995f6a16bcb13c3f84367f4c81ad397c3949cfb2f7f9d58868f291c601,bc4ecda401b12819a83b0fc9ee34340203d5f59763d8b347ca7f104b8dd8d8d3
GB1,G-Rank,9,1373054385,0.8345908537078612,0.6623170425549544,480,new,6c0246f2e928df8f5b4b5821fbce61abd1b3571011b8480a81a1bd03a4398d44,75d16d5cf701e0859d60a1f779f97755d42ee53fe376544fdff1a35249ba4f87
GB1,T-Uniform-96,9,1373054385,1.0,0.6829931858414717,480,new,6c0246f2e928df8f5b4b5821fbce61abd1b3571011b8480a81a1bd03a4398d44,75d16d5cf701e0859d60a1f779f97755d42ee53fe376544fdff1a35249ba4f87
GB1,T-DCG-96,9,1373054385,1.0,0.6405689454262569,480,reuse,6c0246f2e928df8f5b4b5821fbce61abd1b3571011b8480a81a1bd03a4398d44,75d16d5cf701e0859d60a1f779f97755d42ee53fe376544fdff1a35249ba4f87
GB1,T-DCG-192,9,1373054385,0.7352767757755749,0.6074785423982038,480,new,6c0246f2e928df8f5b4b5821fbce61abd1b3571011b8480a81a1bd03a4398d44,75d16d5cf701e0859d60a1f779f97755d42ee53fe376544fdff1a35249ba4f87
GB1,G-Rank,10,3601534543,0.6209353905963313,0.5517763573764229,480,new,9cbade95e130d95bd27bfa001eef7c6296b795ba7a8b485d5937ae9c16163665,d13f47b8880fd1a90a5c5b7651b97b4d4f96deaee363326005776002d1214fa5
GB1,T-Uniform-96,10,3601534543,0.6587599672965438,0.5782632286860678,480,new,9cbade95e130d95bd27bfa001eef7c6296b795ba7a8b485d5937ae9c16163665,d13f47b8880fd1a90a5c5b7651b97b4d4f96deaee363326005776002d1214fa5
GB1,T-DCG-96,10,3601534543,0.6895801554372128,0.5975258462739859,480,reuse,9cbade95e130d95bd27bfa001eef7c6296b795ba7a8b485d5937ae9c16163665,d13f47b8880fd1a90a5c5b7651b97b4d4f96deaee363326005776002d1214fa5
GB1,T-DCG-192,10,3601534543,0.6587599672965438,0.5782632286860678,480,new,9cbade95e130d95bd27bfa001eef7c6296b795ba7a8b485d5937ae9c16163665,d13f47b8880fd1a90a5c5b7651b97b4d4f96deaee363326005776002d1214fa5
GB1,G-Rank,11,816293389,0.825004381071726,0.5942359648698903,480,new,1ce89eeb2f09bf49236ebce30abce8aa36aeca9f127547a60a522bafd7e6ec51,b8713f1562689648559085652aa77890063c562144bfcc643048e89cf0be7da6
GB1,T-Uniform-96,11,816293389,0.7352767757755749,0.5944441692924619,480,new,1ce89eeb2f09bf49236ebce30abce8aa36aeca9f127547a60a522bafd7e6ec51,b8713f1562689648559085652aa77890063c562144bfcc643048e89cf0be7da6
GB1,T-DCG-96,11,816293389,0.6209353905963313,0.5515661498502454,480,reuse,1ce89eeb2f09bf49236ebce30abce8aa36aeca9f127547a60a522bafd7e6ec51,b8713f1562689648559085652aa77890063c562144bfcc643048e89cf0be7da6
GB1,T-DCG-192,11,816293389,0.6209353905963313,0.5515661498502454,480,new,1ce89eeb2f09bf49236ebce30abce8aa36aeca9f127547a60a522bafd7e6ec51,b8713f1562689648559085652aa77890063c562144bfcc643048e89cf0be7da6
GB1,G-Rank,12,3425208170,0.8345908537078612,0.7056322307530625,480,new,f58658122d86f3f1bb899216bf6e3920310ed06bd705b2a75340961b43851745,b573517c208c93d40f9a5b82351ee1b4b749ffcd431598a58749dd61989944b7
GB1,T-Uniform-96,12,3425208170,0.825004381071726,0.6920086508183181,480,new,f58658122d86f3f1bb899216bf6e3920310ed06bd705b2a75340961b43851745,b573517c208c93d40f9a5b82351ee1b4b749ffcd431598a58749dd61989944b7
GB1,T-DCG-96,12,3425208170,0.8345908537078612,0.7056322307530625,480,reuse,f58658122d86f3f1bb899216bf6e3920310ed06bd705b2a75340961b43851745,b573517c208c93d40f9a5b82351ee1b4b749ffcd431598a58749dd61989944b7
GB1,T-DCG-192,12,3425208170,0.7849778591964844,0.6994306064391403,480,new,f58658122d86f3f1bb899216bf6e3920310ed06bd705b2a75340961b43851745,b573517c208c93d40f9a5b82351ee1b4b749ffcd431598a58749dd61989944b7
GB1,G-Rank,13,2939679286,0.8345908537078612,0.7141619394034064,480,new,602420729d850ea6163188cc989a15c2953cc551047c6124a4e507eea111929e,7c619bf2a40227bc69d8e5499424d95beb7f72e734672107aa5067dfb5422c2d
GB1,T-Uniform-96,13,2939679286,0.8345908537078612,0.7141619394034064,480,new,602420729d850ea6163188cc989a15c2953cc551047c6124a4e507eea111929e,7c619bf2a40227bc69d8e5499424d95beb7f72e734672107aa5067dfb5422c2d
GB1,T-DCG-96,13,2939679286,0.8345908537078612,0.7017586907755623,480,reuse,602420729d850ea6163188cc989a15c2953cc551047c6124a4e507eea111929e,7c619bf2a40227bc69d8e5499424d95beb7f72e734672107aa5067dfb5422c2d
GB1,T-DCG-192,13,2939679286,0.8345908537078612,0.7017586907755623,480,new,602420729d850ea6163188cc989a15c2953cc551047c6124a4e507eea111929e,7c619bf2a40227bc69d8e5499424d95beb7f72e734672107aa5067dfb5422c2d
GB1,G-Rank,14,523594604,0.8345908537078612,0.6571600973101327,480,new,9cbdbe642d2e85db53e370de9aa3d149addf68e07c5ef6eba3d0a24979b2d8b4,e78c6cbb77d69a591ff505bad06cedb6af8b2d05a92ca4ecccfacabbbc3659be
GB1,T-Uniform-96,14,523594604,0.8345908537078612,0.6571600973101327,480,new,9cbdbe642d2e85db53e370de9aa3d149addf68e07c5ef6eba3d0a24979b2d8b4,e78c6cbb77d69a591ff505bad06cedb6af8b2d05a92ca4ecccfacabbbc3659be
GB1,T-DCG-96,14,523594604,0.8345908537078612,0.6571600973101327,480,reuse,9cbdbe642d2e85db53e370de9aa3d149addf68e07c5ef6eba3d0a24979b2d8b4,e78c6cbb77d69a591ff505bad06cedb6af8b2d05a92ca4ecccfacabbbc3659be
GB1,T-DCG-192,14,523594604,0.8345908537078612,0.6571600973101327,480,new,9cbdbe642d2e85db53e370de9aa3d149addf68e07c5ef6eba3d0a24979b2d8b4,e78c6cbb77d69a591ff505bad06cedb6af8b2d05a92ca4ecccfacabbbc3659be
GB1,G-Rank,15,1169110308,0.8345908537078612,0.7071600095101993,480,new,3a3ff68ccbef0c514f16018e8c9cd23a0ba7c307066327b956c1edaa0a4b450d,8fc8324a100825dcf2002be4a5cf82e434938ea26a45f80b50e9ea1d8b3ed1d5
GB1,T-Uniform-96,15,1169110308,0.8345908537078612,0.7195632581380436,480,new,3a3ff68ccbef0c514f16018e8c9cd23a0ba7c307066327b956c1edaa0a4b450d,8fc8324a100825dcf2002be4a5cf82e434938ea26a45f80b50e9ea1d8b3ed1d5
GB1,T-DCG-96,15,1169110308,0.8345908537078612,0.7120711812654245,480,reuse,3a3ff68ccbef0c514f16018e8c9cd23a0ba7c307066327b956c1edaa0a4b450d,8fc8324a100825dcf2002be4a5cf82e434938ea26a45f80b50e9ea1d8b3ed1d5
GB1,T-DCG-192,15,1169110308,0.8345908537078612,0.6996679326375803,480,new,3a3ff68ccbef0c514f16018e8c9cd23a0ba7c307066327b956c1edaa0a4b450d,8fc8324a100825dcf2002be4a5cf82e434938ea26a45f80b50e9ea1d8b3ed1d5
GB1,G-Rank,16,3682000027,0.6209353905963313,0.43667529180566333,480,new,206227654fee7e13bf2f6f1ef68a2a956d971a574e9640cb524bb2f817bfcb6d,8a8b16757dabb16b3d3e82a4362b9d75902f6c5503cf7e4f802e155e12060e1c
GB1,T-Uniform-96,16,3682000027,0.6209353905963313,0.43414359385443824,480,new,206227654fee7e13bf2f6f1ef68a2a956d971a574e9640cb524bb2f817bfcb6d,8a8b16757dabb16b3d3e82a4362b9d75902f6c5503cf7e4f802e155e12060e1c
GB1,T-DCG-96,16,3682000027,0.7352767757755749,0.48519965605135673,480,reuse,206227654fee7e13bf2f6f1ef68a2a956d971a574e9640cb524bb2f817bfcb6d,8a8b16757dabb16b3d3e82a4362b9d75902f6c5503cf7e4f802e155e12060e1c
GB1,T-DCG-192,16,3682000027,0.825004381071726,0.49641560671337565,480,new,206227654fee7e13bf2f6f1ef68a2a956d971a574e9640cb524bb2f817bfcb6d,8a8b16757dabb16b3d3e82a4362b9d75902f6c5503cf7e4f802e155e12060e1c
GB1,G-Rank,17,3259503095,0.8345908537078612,0.6773118147793844,480,new,e11ebd0dabcc3f35a7703e7359e10aca3ae0d31053fd2ed7a3a6c0396078a6df,a8a42818e7d969c8d5fe1f025144e9a854438db3f1556cc61cff9f95a69e615c
GB1,T-Uniform-96,17,3259503095,0.8345908537078612,0.7269688537455277,480,new,e11ebd0dabcc3f35a7703e7359e10aca3ae0d31053fd2ed7a3a6c0396078a6df,a8a42818e7d969c8d5fe1f025144e9a854438db3f1556cc61cff9f95a69e615c
GB1,T-DCG-96,17,3259503095,0.8345908537078612,0.7269688537455277,480,reuse,e11ebd0dabcc3f35a7703e7359e10aca3ae0d31053fd2ed7a3a6c0396078a6df,a8a42818e7d969c8d5fe1f025144e9a854438db3f1556cc61cff9f95a69e615c
GB1,T-DCG-192,17,3259503095,0.7849778591964844,0.695960732175917,480,new,e11ebd0dabcc3f35a7703e7359e10aca3ae0d31053fd2ed7a3a6c0396078a6df,a8a42818e7d969c8d5fe1f025144e9a854438db3f1556cc61cff9f95a69e615c
GB1,G-Rank,18,137747144,0.6856482976381117,0.5500856929802602,480,new,097b54b057e528baf472ed2cc8e5494e115684f8244bc211ea765b4b8103061d,056e6a0aee99065a4bc695a5da75390fff102d1915a34690661800e568d6f32d
GB1,T-Uniform-96,18,137747144,0.8624627606050047,0.591435667828872,480,new,097b54b057e528baf472ed2cc8e5494e115684f8244bc211ea765b4b8103061d,056e6a0aee99065a4bc695a5da75390fff102d1915a34690661800e568d6f32d
GB1,T-DCG-96,18,137747144,1.0,0.6218370409291639,480,reuse,097b54b057e528baf472ed2cc8e5494e115684f8244bc211ea765b4b8103061d,056e6a0aee99065a4bc695a5da75390fff102d1915a34690661800e568d6f32d
GB1,T-DCG-192,18,137747144,1.0,0.6218370409291639,480,new,097b54b057e528baf472ed2cc8e5494e115684f8244bc211ea765b4b8103061d,056e6a0aee99065a4bc695a5da75390fff102d1915a34690661800e568d6f32d
GB1,G-Rank,19,3264117936,0.8345908537078612,0.7381668915035063,480,new,f7789355ed70c4449889da076a726512fcf4d36a2fbd06eb6cef523e0147c0e5,8380bc1501a37d721f54a7f079d33f8d9ea6435297638dc178c4ef10d5738f0c
GB1,T-Uniform-96,19,3264117936,0.8345908537078612,0.7381668915035063,480,new,f7789355ed70c4449889da076a726512fcf4d36a2fbd06eb6cef523e0147c0e5,8380bc1501a37d721f54a7f079d33f8d9ea6435297638dc178c4ef10d5738f0c
GB1,T-DCG-96,19,3264117936,0.8345908537078612,0.7381668915035063,480,reuse,f7789355ed70c4449889da076a726512fcf4d36a2fbd06eb6cef523e0147c0e5,8380bc1501a37d721f54a7f079d33f8d9ea6435297638dc178c4ef10d5738f0c
GB1,T-DCG-192,19,3264117936,0.8345908537078612,0.7381668915035063,480,new,f7789355ed70c4449889da076a726512fcf4d36a2fbd06eb6cef523e0147c0e5,8380bc1501a37d721f54a7f079d33f8d9ea6435297638dc178c4ef10d5738f0c
GB1,G-Rank,20,2190630591,0.8345908537078612,0.6645943694880194,480,new,1b04f5dc3750657b89757c0b26bc5395cd449bee781ce669d076a54e9e003222,33ed808a5ac5df4c824921ec79d168b022c98e1f229e1fdaaaa37fe7b2098d7f
GB1,T-Uniform-96,20,2190630591,0.8345908537078612,0.6769976181158637,480,new,1b04f5dc3750657b89757c0b26bc5395cd449bee781ce669d076a54e9e003222,33ed808a5ac5df4c824921ec79d168b022c98e1f229e1fdaaaa37fe7b2098d7f
GB1,T-DCG-96,20,2190630591,0.8311300290264457,0.6966002981956907,480,reuse,1b04f5dc3750657b89757c0b26bc5395cd449bee781ce669d076a54e9e003222,33ed808a5ac5df4c824921ec79d168b022c98e1f229e1fdaaaa37fe7b2098d7f
GB1,T-DCG-192,20,2190630591,0.8345908537078612,0.6645943694880194,480,new,1b04f5dc3750657b89757c0b26bc5395cd449bee781ce669d076a54e9e003222,33ed808a5ac5df4c824921ec79d168b022c98e1f229e1fdaaaa37fe7b2098d7f
GB1,G-Rank,21,3997751362,1.0,0.7890166406770723,480,new,8ea2a4713228b651c018db5594aaea10e42539f7f5b8b83eb29dcddd0afdd882,e6ce56624630bf5e028d621ce8fa41e72271c61528b1d13ab3594ed99df10c53
GB1,T-Uniform-96,21,3997751362,1.0,0.7844493470102002,480,new,8ea2a4713228b651c018db5594aaea10e42539f7f5b8b83eb29dcddd0afdd882,e6ce56624630bf5e028d621ce8fa41e72271c61528b1d13ab3594ed99df10c53
GB1,T-DCG-96,21,3997751362,0.8624627606050047,0.7672571920858258,480,reuse,8ea2a4713228b651c018db5594aaea10e42539f7f5b8b83eb29dcddd0afdd882,e6ce56624630bf5e028d621ce8fa41e72271c61528b1d13ab3594ed99df10c53
GB1,T-DCG-192,21,3997751362,1.0,0.7657201572435609,480,new,8ea2a4713228b651c018db5594aaea10e42539f7f5b8b83eb29dcddd0afdd882,e6ce56624630bf5e028d621ce8fa41e72271c61528b1d13ab3594ed99df10c53
GB1,G-Rank,22,3708379139,1.0,0.7376546408224133,480,new,26d770aa27003692ab08247ea4cb89e325423f8efa0382128b103395178e1661,320ecb10b4b3e4b1353d3dab74d1ffbd9df564e549ad45920c28807fb5c69dfb
GB1,T-Uniform-96,22,3708379139,1.0,0.7376546408224133,480,new,26d770aa27003692ab08247ea4cb89e325423f8efa0382128b103395178e1661,320ecb10b4b3e4b1353d3dab74d1ffbd9df564e549ad45920c28807fb5c69dfb
GB1,T-DCG-96,22,3708379139,1.0,0.7376546408224133,480,reuse,26d770aa27003692ab08247ea4cb89e325423f8efa0382128b103395178e1661,320ecb10b4b3e4b1353d3dab74d1ffbd9df564e549ad45920c28807fb5c69dfb
GB1,T-DCG-192,22,3708379139,0.9181903148057718,0.6836795254410662,480,new,26d770aa27003692ab08247ea4cb89e325423f8efa0382128b103395178e1661,320ecb10b4b3e4b1353d3dab74d1ffbd9df564e549ad45920c28807fb5c69dfb
GB1,G-Rank,23,3099709757,0.8345908537078612,0.6824158945893042,480,new,e3e0548eae589f6e30f83c9da8d1dfd4eb928e9cd19c0717c764bb06c66c0174,4118b8e1cf95efbfb43b16a37a3525ec981030a349d26b08d1c0fe0de0c6afb0
GB1,T-Uniform-96,23,3099709757,0.8345908537078612,0.6824158945893042,480,new,e3e0548eae589f6e30f83c9da8d1dfd4eb928e9cd19c0717c764bb06c66c0174,4118b8e1cf95efbfb43b16a37a3525ec981030a349d26b08d1c0fe0de0c6afb0
GB1,T-DCG-96,23,3099709757,0.8345908537078612,0.6824158945893042,480,reuse,e3e0548eae589f6e30f83c9da8d1dfd4eb928e9cd19c0717c764bb06c66c0174,4118b8e1cf95efbfb43b16a37a3525ec981030a349d26b08d1c0fe0de0c6afb0
GB1,T-DCG-192,23,3099709757,0.8345908537078612,0.6824158945893042,480,new,e3e0548eae589f6e30f83c9da8d1dfd4eb928e9cd19c0717c764bb06c66c0174,4118b8e1cf95efbfb43b16a37a3525ec981030a349d26b08d1c0fe0de0c6afb0
PABP,G-Rank,0,1931617089,1.822900012,1.782085693875,480,new,3b24c37ddb3dbe17921872e5022e2d836c6e4f95d7b13c0e19fecd5ea1333574,fd35bc627cf394fe703cdebd3c28ab8d701641e7416b568dcb4e82112a9da2c8
PABP,T-Uniform-96,0,1931617089,1.822900012,1.7801655811250001,480,new,3b24c37ddb3dbe17921872e5022e2d836c6e4f95d7b13c0e19fecd5ea1333574,fd35bc627cf394fe703cdebd3c28ab8d701641e7416b568dcb4e82112a9da2c8
PABP,T-DCG-96,0,1931617089,2.868778599,1.95806388775,480,reuse,3b24c37ddb3dbe17921872e5022e2d836c6e4f95d7b13c0e19fecd5ea1333574,fd35bc627cf394fe703cdebd3c28ab8d701641e7416b568dcb4e82112a9da2c8
PABP,T-DCG-192,0,1931617089,1.822900012,1.789400607125,480,new,3b24c37ddb3dbe17921872e5022e2d836c6e4f95d7b13c0e19fecd5ea1333574,fd35bc627cf394fe703cdebd3c28ab8d701641e7416b568dcb4e82112a9da2c8
PABP,G-Rank,1,2452454326,2.868778599,2.6644222048749997,480,new,9eef1fded7f2b653c3f43c12dd4a8e27038d2e2472baa0ea5dbd3ed838f5ec53,29c1dae6a0840a7445dbd4e7d1519454af5bb8a62547e27038764e9ae3e86b91
PABP,T-Uniform-96,1,2452454326,2.868778599,2.6644222048749997,480,new,9eef1fded7f2b653c3f43c12dd4a8e27038d2e2472baa0ea5dbd3ed838f5ec53,29c1dae6a0840a7445dbd4e7d1519454af5bb8a62547e27038764e9ae3e86b91
PABP,T-DCG-96,1,2452454326,2.868778599,2.6644222048749997,480,reuse,9eef1fded7f2b653c3f43c12dd4a8e27038d2e2472baa0ea5dbd3ed838f5ec53,29c1dae6a0840a7445dbd4e7d1519454af5bb8a62547e27038764e9ae3e86b91
PABP,T-DCG-192,1,2452454326,2.868778599,2.6644222048749997,480,new,9eef1fded7f2b653c3f43c12dd4a8e27038d2e2472baa0ea5dbd3ed838f5ec53,29c1dae6a0840a7445dbd4e7d1519454af5bb8a62547e27038764e9ae3e86b91
PABP,G-Rank,2,3011507104,2.868778599,2.158464063625,480,new,982c481560fc2ab645ddc8a843ef021416ef53d2d8e4ba7d467dacdbd3621041,8d9d6d190f8bd8b2011d7e8407b69c846ce3d1456cb93c5dd98b9bcddd809b2b
PABP,T-Uniform-96,2,3011507104,2.868778599,1.8969944168750001,480,new,982c481560fc2ab645ddc8a843ef021416ef53d2d8e4ba7d467dacdbd3621041,8d9d6d190f8bd8b2011d7e8407b69c846ce3d1456cb93c5dd98b9bcddd809b2b
PABP,T-DCG-96,2,3011507104,2.868778599,2.158464063625,480,reuse,982c481560fc2ab645ddc8a843ef021416ef53d2d8e4ba7d467dacdbd3621041,8d9d6d190f8bd8b2011d7e8407b69c846ce3d1456cb93c5dd98b9bcddd809b2b
PABP,T-DCG-192,2,3011507104,2.868778599,2.158464063625,480,new,982c481560fc2ab645ddc8a843ef021416ef53d2d8e4ba7d467dacdbd3621041,8d9d6d190f8bd8b2011d7e8407b69c846ce3d1456cb93c5dd98b9bcddd809b2b
PABP,G-Rank,3,1322461066,1.827467137,1.6928805997499998,480,new,fdd8fc4337253c07f5d6ef3f81d852497d68a226411fa0c385959decd75bd08a,cbcaee154331a8aba9cd194dd0cee772d8592fb631023ea878e7572e511388b9
PABP,T-Uniform-96,3,1322461066,1.854210558,1.696223527375,480,new,fdd8fc4337253c07f5d6ef3f81d852497d68a226411fa0c385959decd75bd08a,cbcaee154331a8aba9cd194dd0cee772d8592fb631023ea878e7572e511388b9
PABP,T-DCG-96,3,1322461066,1.854210558,1.696223527375,480,reuse,fdd8fc4337253c07f5d6ef3f81d852497d68a226411fa0c385959decd75bd08a,cbcaee154331a8aba9cd194dd0cee772d8592fb631023ea878e7572e511388b9
PABP,T-DCG-192,3,1322461066,1.827467137,1.6928805997499998,480,new,fdd8fc4337253c07f5d6ef3f81d852497d68a226411fa0c385959decd75bd08a,cbcaee154331a8aba9cd194dd0cee772d8592fb631023ea878e7572e511388b9
PABP,G-Rank,4,499092096,1.822900012,1.7746083625000002,480,new,6873574f182ae1e3127dcb4505e601551bb9fafcfd28153531ab8cb970acb4fd,068a3c96061525f3ef0be2c8b44fb1d0dabf25ffccfe0cbc31cacc6437e77b7f
PABP,T-Uniform-96,4,499092096,1.822900012,1.7746083625000002,480,new,6873574f182ae1e3127dcb4505e601551bb9fafcfd28153531ab8cb970acb4fd,068a3c96061525f3ef0be2c8b44fb1d0dabf25ffccfe0cbc31cacc6437e77b7f
PABP,T-DCG-96,4,499092096,2.868778599,2.428282479375,480,reuse,6873574f182ae1e3127dcb4505e601551bb9fafcfd28153531ab8cb970acb4fd,068a3c96061525f3ef0be2c8b44fb1d0dabf25ffccfe0cbc31cacc6437e77b7f
PABP,T-DCG-192,4,499092096,2.868778599,2.428282479375,480,new,6873574f182ae1e3127dcb4505e601551bb9fafcfd28153531ab8cb970acb4fd,068a3c96061525f3ef0be2c8b44fb1d0dabf25ffccfe0cbc31cacc6437e77b7f
PABP,G-Rank,5,4062577797,1.786856756,1.7613302308749998,480,new,489c28fadfbf91fbdc01121e34f921a63b5f80d97101053e0aa8348579db13c5,cd9b8f908d1a88e675c27b360585143f3cd743ca5d8755efea309a10895ba60c
PABP,T-Uniform-96,5,4062577797,1.817332016,1.7651396383749998,480,new,489c28fadfbf91fbdc01121e34f921a63b5f80d97101053e0aa8348579db13c5,cd9b8f908d1a88e675c27b360585143f3cd743ca5d8755efea309a10895ba60c
PABP,T-DCG-96,5,4062577797,2.0996727180000003,1.8728347336250002,480,reuse,489c28fadfbf91fbdc01121e34f921a63b5f80d97101053e0aa8348579db13c5,cd9b8f908d1a88e675c27b360585143f3cd743ca5d8755efea309a10895ba60c
PABP,T-DCG-192,5,4062577797,1.786856756,1.7613302308749998,480,new,489c28fadfbf91fbdc01121e34f921a63b5f80d97101053e0aa8348579db13c5,cd9b8f908d1a88e675c27b360585143f3cd743ca5d8755efea309a10895ba60c
PABP,G-Rank,6,2930725948,2.868778599,1.8819935015,480,new,2642193ff869c8b144ed7831c1ea988d170241dfe4bcd9a46026ca06b56822cf,7820c4fade4896e1b88066866f852d536dbd91bdebc599be437a5d4210ef5d17
PABP,T-Uniform-96,6,2930725948,2.868778599,1.8819935015,480,new,2642193ff869c8b144ed7831c1ea988d170241dfe4bcd9a46026ca06b56822cf,7820c4fade4896e1b88066866f852d536dbd91bdebc599be437a5d4210ef5d17
PABP,T-DCG-96,6,2930725948,2.868778599,1.8819935015,480,reuse,2642193ff869c8b144ed7831c1ea988d170241dfe4bcd9a46026ca06b56822cf,7820c4fade4896e1b88066866f852d536dbd91bdebc599be437a5d4210ef5d17
PABP,T-DCG-192,6,2930725948,2.868778599,1.8819935015,480,new,2642193ff869c8b144ed7831c1ea988d170241dfe4bcd9a46026ca06b56822cf,7820c4fade4896e1b88066866f852d536dbd91bdebc599be437a5d4210ef5d17
PABP,G-Rank,7,577710846,1.854210558,1.747077354625,480,new,d8baf39f17432813fbee604a41f291a20f04fb9cf4ef8eb8deda6da40d3f802d,d0f49284695cfcb16dad96c69c817313e2ca5feb3fd90e40744248ac56ec327e
PABP,T-Uniform-96,7,577710846,1.806536913,1.7291997377500001,480,new,d8baf39f17432813fbee604a41f291a20f04fb9cf4ef8eb8deda6da40d3f802d,d0f49284695cfcb16dad96c69c817313e2ca5feb3fd90e40744248ac56ec327e
PABP,T-DCG-96,7,577710846,1.974613841,1.8342478177500001,480,reuse,d8baf39f17432813fbee604a41f291a20f04fb9cf4ef8eb8deda6da40d3f802d,d0f49284695cfcb16dad96c69c817313e2ca5feb3fd90e40744248ac56ec327e
PABP,T-DCG-192,7,577710846,2.128194918,1.8534454523750001,480,new,d8baf39f17432813fbee604a41f291a20f04fb9cf4ef8eb8deda6da40d3f802d,d0f49284695cfcb16dad96c69c817313e2ca5feb3fd90e40744248ac56ec327e
PABP,G-Rank,8,1080662220,2.627942865,1.6909496137500002,480,new,6576dafbe41f5177cb3af0c8366183c6ec293879723d247c45531e7875a79bc9,4b4abe021cebbc6d566d03160497a2d075af5d02acb856dade101b3fa4e56ab9
PABP,T-Uniform-96,8,1080662220,1.549523361,1.5118176622500001,480,new,6576dafbe41f5177cb3af0c8366183c6ec293879723d247c45531e7875a79bc9,4b4abe021cebbc6d566d03160497a2d075af5d02acb856dade101b3fa4e56ab9
PABP,T-DCG-96,8,1080662220,1.960901245,1.5632398977500002,480,reuse,6576dafbe41f5177cb3af0c8366183c6ec293879723d247c45531e7875a79bc9,4b4abe021cebbc6d566d03160497a2d075af5d02acb856dade101b3fa4e56ab9
PABP,T-DCG-192,8,1080662220,2.627942865,1.64662010025,480,new,6576dafbe41f5177cb3af0c8366183c6ec293879723d247c45531e7875a79bc9,4b4abe021cebbc6d566d03160497a2d075af5d02acb856dade101b3fa4e56ab9
PABP,G-Rank,9,3400445299,1.822900012,1.6857340838750001,480,new,43a3625576620d7effeef6e617aad9f25303aa34d208292d266f879960e177c0,872898d85dc7bc57d36cfe46a3fc5cf9ee75dc1c4e16160ccbe8be8ee36ee4fc
PABP,T-Uniform-96,9,3400445299,1.822900012,1.6857340838750001,480,new,43a3625576620d7effeef6e617aad9f25303aa34d208292d266f879960e177c0,872898d85dc7bc57d36cfe46a3fc5cf9ee75dc1c4e16160ccbe8be8ee36ee4fc
PABP,T-DCG-96,9,3400445299,1.822900012,1.7386803423750001,480,reuse,43a3625576620d7effeef6e617aad9f25303aa34d208292d266f879960e177c0,872898d85dc7bc57d36cfe46a3fc5cf9ee75dc1c4e16160ccbe8be8ee36ee4fc
PABP,T-DCG-192,9,3400445299,1.822900012,1.7386803423750001,480,new,43a3625576620d7effeef6e617aad9f25303aa34d208292d266f879960e177c0,872898d85dc7bc57d36cfe46a3fc5cf9ee75dc1c4e16160ccbe8be8ee36ee4fc
PABP,G-Rank,10,3357319709,1.964409118,1.8268255150000001,480,new,92638ac02ed89d9f9f89202dd74a92782ca90ba5f150af91fd5643674763b0bf,a23c302a4cdde06c5cf7e3f189f759555a47c870f5d0c49dad075adaf0570830
PABP,T-Uniform-96,10,3357319709,1.964409118,1.8268255150000001,480,new,92638ac02ed89d9f9f89202dd74a92782ca90ba5f150af91fd5643674763b0bf,a23c302a4cdde06c5cf7e3f189f759555a47c870f5d0c49dad075adaf0570830
PABP,T-DCG-96,10,3357319709,1.964409118,1.8099870645000002,480,reuse,92638ac02ed89d9f9f89202dd74a92782ca90ba5f150af91fd5643674763b0bf,a23c302a4cdde06c5cf7e3f189f759555a47c870f5d0c49dad075adaf0570830
PABP,T-DCG-192,10,3357319709,1.964409118,1.8099870645000002,480,new,92638ac02ed89d9f9f89202dd74a92782ca90ba5f150af91fd5643674763b0bf,a23c302a4cdde06c5cf7e3f189f759555a47c870f5d0c49dad075adaf0570830
PABP,G-Rank,11,2397635729,2.868778599,1.830264651375,480,new,dc56f764e14d349e5c05ce82d80964f8d3efff771cc09d353e21cda934fd8572,f72039835aebdfd642db9dc3e5a58ec35500e2b37852ab0395c47b12bba2b37f
PABP,T-Uniform-96,11,2397635729,2.868778599,1.830264651375,480,new,dc56f764e14d349e5c05ce82d80964f8d3efff771cc09d353e21cda934fd8572,f72039835aebdfd642db9dc3e5a58ec35500e2b37852ab0395c47b12bba2b37f
PABP,T-DCG-96,11,2397635729,2.868778599,1.9808333718750002,480,reuse,dc56f764e14d349e5c05ce82d80964f8d3efff771cc09d353e21cda934fd8572,f72039835aebdfd642db9dc3e5a58ec35500e2b37852ab0395c47b12bba2b37f
PABP,T-DCG-192,11,2397635729,1.964409118,1.8677871867500002,480,new,dc56f764e14d349e5c05ce82d80964f8d3efff771cc09d353e21cda934fd8572,f72039835aebdfd642db9dc3e5a58ec35500e2b37852ab0395c47b12bba2b37f
PABP,G-Rank,12,3350512573,2.128194918,2.035474427625,480,new,7d49af674613867c103e3163ae8aa64367d01341b3f844e2b6c6007f5543c99c,86c0335a81cf96967f3904b8b074580fdd9591c3eeb60e440d46db7ee001cde8
PABP,T-Uniform-96,12,3350512573,2.128194918,2.035474427625,480,new,7d49af674613867c103e3163ae8aa64367d01341b3f844e2b6c6007f5543c99c,86c0335a81cf96967f3904b8b074580fdd9591c3eeb60e440d46db7ee001cde8
PABP,T-DCG-96,12,3350512573,2.128194918,2.035474427625,480,reuse,7d49af674613867c103e3163ae8aa64367d01341b3f844e2b6c6007f5543c99c,86c0335a81cf96967f3904b8b074580fdd9591c3eeb60e440d46db7ee001cde8
PABP,T-DCG-192,12,3350512573,2.128194918,2.035474427625,480,new,7d49af674613867c103e3163ae8aa64367d01341b3f844e2b6c6007f5543c99c,86c0335a81cf96967f3904b8b074580fdd9591c3eeb60e440d46db7ee001cde8
PABP,G-Rank,13,2749260393,2.868778599,2.685154000625,480,new,17a8aa57ac921b46fd0f8668ca94f32dacd2adc76f06162ba28ce3c7e86cba84,39645a8353c8cac8dec1e57dcf9b01de5ac344af1bfc3b8a5e560e971683af94
PABP,T-Uniform-96,13,2749260393,2.868778599,2.685154000625,480,new,17a8aa57ac921b46fd0f8668ca94f32dacd2adc76f06162ba28ce3c7e86cba84,39645a8353c8cac8dec1e57dcf9b01de5ac344af1bfc3b8a5e560e971683af94
PABP,T-DCG-96,13,2749260393,2.868778599,2.685154000625,480,reuse,17a8aa57ac921b46fd0f8668ca94f32dacd2adc76f06162ba28ce3c7e86cba84,39645a8353c8cac8dec1e57dcf9b01de5ac344af1bfc3b8a5e560e971683af94
PABP,T-DCG-192,13,2749260393,2.868778599,2.685154000625,480,new,17a8aa57ac921b46fd0f8668ca94f32dacd2adc76f06162ba28ce3c7e86cba84,39645a8353c8cac8dec1e57dcf9b01de5ac344af1bfc3b8a5e560e971683af94
PABP,G-Rank,14,2937642216,2.627942865,2.1345814192500003,480,new,1b24fdf1cace9dc013c8efca6e075f787ebbb8d739cacb4a36135fcce2953c38,f75367aa72c73b945211500b67ce7bc5c8c438327300ffb69af702ccbca6ee37
PABP,T-Uniform-96,14,2937642216,2.627942865,2.1345814192500003,480,new,1b24fdf1cace9dc013c8efca6e075f787ebbb8d739cacb4a36135fcce2953c38,f75367aa72c73b945211500b67ce7bc5c8c438327300ffb69af702ccbca6ee37
PABP,T-DCG-96,14,2937642216,2.627942865,2.1345814192500003,480,reuse,1b24fdf1cace9dc013c8efca6e075f787ebbb8d739cacb4a36135fcce2953c38,f75367aa72c73b945211500b67ce7bc5c8c438327300ffb69af702ccbca6ee37
PABP,T-DCG-192,14,2937642216,2.627942865,2.1345814192500003,480,new,1b24fdf1cace9dc013c8efca6e075f787ebbb8d739cacb4a36135fcce2953c38,f75367aa72c73b945211500b67ce7bc5c8c438327300ffb69af702ccbca6ee37
PABP,G-Rank,15,930793635,2.308485747,2.1693494745,480,new,f4d2190bf3d71f77c6388f882be68338d0f453f853c782ea0da35c3cbc7ae481,018b2123ab192c053dc26870b62c30e680b4ad6fbb61914486809c1113477da9
PABP,T-Uniform-96,15,930793635,2.308485747,2.1693494745,480,new,f4d2190bf3d71f77c6388f882be68338d0f453f853c782ea0da35c3cbc7ae481,018b2123ab192c053dc26870b62c30e680b4ad6fbb61914486809c1113477da9
PABP,T-DCG-96,15,930793635,2.308485747,2.1693494745,480,reuse,f4d2190bf3d71f77c6388f882be68338d0f453f853c782ea0da35c3cbc7ae481,018b2123ab192c053dc26870b62c30e680b4ad6fbb61914486809c1113477da9
PABP,T-DCG-192,15,930793635,2.308485747,2.1693494745,480,new,f4d2190bf3d71f77c6388f882be68338d0f453f853c782ea0da35c3cbc7ae481,018b2123ab192c053dc26870b62c30e680b4ad6fbb61914486809c1113477da9
PABP,G-Rank,16,856479093,2.627942865,2.264126823125,480,new,047c1792e34f8160abd2e77779578eaecca857aabd5cd02c8c1d396df4a71f88,a3de27879733ee2c42f646da17d298db61ae9f724efe99b36768ed6f5aa01652
PABP,T-Uniform-96,16,856479093,2.627942865,2.264126823125,480,new,047c1792e34f8160abd2e77779578eaecca857aabd5cd02c8c1d396df4a71f88,a3de27879733ee2c42f646da17d298db61ae9f724efe99b36768ed6f5aa01652
PABP,T-DCG-96,16,856479093,2.627942865,1.8376590508750001,480,reuse,047c1792e34f8160abd2e77779578eaecca857aabd5cd02c8c1d396df4a71f88,a3de27879733ee2c42f646da17d298db61ae9f724efe99b36768ed6f5aa01652
PABP,T-DCG-192,16,856479093,2.627942865,1.828953942125,480,new,047c1792e34f8160abd2e77779578eaecca857aabd5cd02c8c1d396df4a71f88,a3de27879733ee2c42f646da17d298db61ae9f724efe99b36768ed6f5aa01652
PABP,G-Rank,17,2650067199,2.868778599,1.8830004194999999,480,new,4c27f762ef4975c07a756efdfe2347887c7f5ec01665b504b9fb771e40e12eb1,5cefa9b5620b14e6b914fddb49ec2067dae5a3610bf82279229386fa04555e80
PABP,T-Uniform-96,17,2650067199,1.806536913,1.7502202087499998,480,new,4c27f762ef4975c07a756efdfe2347887c7f5ec01665b504b9fb771e40e12eb1,5cefa9b5620b14e6b914fddb49ec2067dae5a3610bf82279229386fa04555e80
PABP,T-DCG-96,17,2650067199,2.868778599,1.8830004194999999,480,reuse,4c27f762ef4975c07a756efdfe2347887c7f5ec01665b504b9fb771e40e12eb1,5cefa9b5620b14e6b914fddb49ec2067dae5a3610bf82279229386fa04555e80
PABP,T-DCG-192,17,2650067199,2.868778599,2.4141212624999997,480,new,4c27f762ef4975c07a756efdfe2347887c7f5ec01665b504b9fb771e40e12eb1,5cefa9b5620b14e6b914fddb49ec2067dae5a3610bf82279229386fa04555e80
PABP,G-Rank,18,3116021179,2.868778599,1.9747364278750001,480,new,0bce3d63f1e9e73d684b6454eef06aac309942f7d17f672d753cb982407232c1,b2cf67d27ade631a8518d778c672fb3600fd97042d263d89e75fca6760434895
PABP,T-Uniform-96,18,3116021179,2.627942865,1.944631961125,480,new,0bce3d63f1e9e73d684b6454eef06aac309942f7d17f672d753cb982407232c1,b2cf67d27ade631a8518d778c672fb3600fd97042d263d89e75fca6760434895
PABP,T-DCG-96,18,3116021179,1.964409118,1.8616902427500002,480,reuse,0bce3d63f1e9e73d684b6454eef06aac309942f7d17f672d753cb982407232c1,b2cf67d27ade631a8518d778c672fb3600fd97042d263d89e75fca6760434895
PABP,T-DCG-192,18,3116021179,1.964409118,1.8616902427500002,480,new,0bce3d63f1e9e73d684b6454eef06aac309942f7d17f672d753cb982407232c1,b2cf67d27ade631a8518d778c672fb3600fd97042d263d89e75fca6760434895
PABP,G-Rank,19,459614835,1.822900012,1.632148496875,480,new,56bcc052f4b227f925efc37da0b13c95d9cb7a273390a0bfe88300edbc01d8f7,afdd4e598eedde6a7549d7b96515af0d07b1aabec20169ad0e4743375909e920
PABP,T-Uniform-96,19,459614835,1.822900012,1.632148496875,480,new,56bcc052f4b227f925efc37da0b13c95d9cb7a273390a0bfe88300edbc01d8f7,afdd4e598eedde6a7549d7b96515af0d07b1aabec20169ad0e4743375909e920
PABP,T-DCG-96,19,459614835,1.964409118,1.649837135125,480,reuse,56bcc052f4b227f925efc37da0b13c95d9cb7a273390a0bfe88300edbc01d8f7,afdd4e598eedde6a7549d7b96515af0d07b1aabec20169ad0e4743375909e920
PABP,T-DCG-192,19,459614835,1.822900012,1.632148496875,480,new,56bcc052f4b227f925efc37da0b13c95d9cb7a273390a0bfe88300edbc01d8f7,afdd4e598eedde6a7549d7b96515af0d07b1aabec20169ad0e4743375909e920
PABP,G-Rank,20,1166126924,1.964409118,1.769605040375,480,new,a52c1d7849e9d6ff3b306178ab0fdc63af6f1861af5e70a7659cbb3e65457573,00a53b644a57abe0ccfeda810a3c5e0a43f022544ce3739681b69748935f88de
PABP,T-Uniform-96,20,1166126924,1.964409118,1.769605040375,480,new,a52c1d7849e9d6ff3b306178ab0fdc63af6f1861af5e70a7659cbb3e65457573,00a53b644a57abe0ccfeda810a3c5e0a43f022544ce3739681b69748935f88de
PABP,T-DCG-96,20,1166126924,1.964409118,1.691247348375,480,reuse,a52c1d7849e9d6ff3b306178ab0fdc63af6f1861af5e70a7659cbb3e65457573,00a53b644a57abe0ccfeda810a3c5e0a43f022544ce3739681b69748935f88de
PABP,T-DCG-192,20,1166126924,1.964409118,1.691247348375,480,new,a52c1d7849e9d6ff3b306178ab0fdc63af6f1861af5e70a7659cbb3e65457573,00a53b644a57abe0ccfeda810a3c5e0a43f022544ce3739681b69748935f88de
PABP,G-Rank,21,3950727371,2.868778599,1.89337817425,480,new,cf6f2f531e1869e0d4bca14697b767310e8c7b9e12df599ae501e89c2b128f42,ba19f60601771030a98b4ba5b1afed5e4de2e40b49aa934a6a3f50f95186c855
PABP,T-Uniform-96,21,3950727371,2.868778599,1.89337817425,480,new,cf6f2f531e1869e0d4bca14697b767310e8c7b9e12df599ae501e89c2b128f42,ba19f60601771030a98b4ba5b1afed5e4de2e40b49aa934a6a3f50f95186c855
PABP,T-DCG-96,21,3950727371,2.868778599,1.89337817425,480,reuse,cf6f2f531e1869e0d4bca14697b767310e8c7b9e12df599ae501e89c2b128f42,ba19f60601771030a98b4ba5b1afed5e4de2e40b49aa934a6a3f50f95186c855
PABP,T-DCG-192,21,3950727371,2.868778599,1.89337817425,480,new,cf6f2f531e1869e0d4bca14697b767310e8c7b9e12df599ae501e89c2b128f42,ba19f60601771030a98b4ba5b1afed5e4de2e40b49aa934a6a3f50f95186c855
PABP,G-Rank,22,2218955058,2.868778599,1.928089229125,480,new,e1bde72fc33a562236a4d5b634705836ffff4ac785c63da545d6c48d6450413b,5d0ac2569a95bf5158e190b15cc10240f28a031d8801a6cd8dc03b08bc1811dd
PABP,T-Uniform-96,22,2218955058,2.236825435,1.849095083625,480,new,e1bde72fc33a562236a4d5b634705836ffff4ac785c63da545d6c48d6450413b,5d0ac2569a95bf5158e190b15cc10240f28a031d8801a6cd8dc03b08bc1811dd
PABP,T-DCG-96,22,2218955058,2.868778599,1.818574766125,480,reuse,e1bde72fc33a562236a4d5b634705836ffff4ac785c63da545d6c48d6450413b,5d0ac2569a95bf5158e190b15cc10240f28a031d8801a6cd8dc03b08bc1811dd
PABP,T-DCG-192,22,2218955058,2.868778599,1.744301677125,480,new,e1bde72fc33a562236a4d5b634705836ffff4ac785c63da545d6c48d6450413b,5d0ac2569a95bf5158e190b15cc10240f28a031d8801a6cd8dc03b08bc1811dd
PABP,G-Rank,23,3522947050,1.822900012,1.6838665039999998,480,new,b48ed50030e149f5c6d5f0b8f42cfe6d0146e22937172381002a71e2032eaa42,f327500c216e56c3f055a1bc784b37062ce0c2beb9808c26583b355b130399c4
PABP,T-Uniform-96,23,3522947050,1.822900012,1.6838665039999998,480,new,b48ed50030e149f5c6d5f0b8f42cfe6d0146e22937172381002a71e2032eaa42,f327500c216e56c3f055a1bc784b37062ce0c2beb9808c26583b355b130399c4
PABP,T-DCG-96,23,3522947050,1.822900012,1.6838665039999998,480,reuse,b48ed50030e149f5c6d5f0b8f42cfe6d0146e22937172381002a71e2032eaa42,f327500c216e56c3f055a1bc784b37062ce0c2beb9808c26583b355b130399c4
PABP,T-DCG-192,23,3522947050,1.822900012,1.6838665039999998,480,new,b48ed50030e149f5c6d5f0b8f42cfe6d0146e22937172381002a71e2032eaa42,f327500c216e56c3f055a1bc784b37062ce0c2beb9808c26583b355b130399c4
TrpB,G-Rank,0,3093850640,0.932033526,0.8708176423749999,480,new,feb019900ddec56bcb423af81dacd4909611ac56df60bb4fd4241b134b76aa4e,ea93485e6faf375e3e31f173aab49d0bd1bbc60271588e6fff12998bb8d65d84
TrpB,T-Uniform-96,0,3093850640,0.922559227,0.862780393,480,new,feb019900ddec56bcb423af81dacd4909611ac56df60bb4fd4241b134b76aa4e,ea93485e6faf375e3e31f173aab49d0bd1bbc60271588e6fff12998bb8d65d84
TrpB,T-DCG-96,0,3093850640,0.922559227,0.8696333549999999,480,reuse,feb019900ddec56bcb423af81dacd4909611ac56df60bb4fd4241b134b76aa4e,ea93485e6faf375e3e31f173aab49d0bd1bbc60271588e6fff12998bb8d65d84
TrpB,T-DCG-192,0,3093850640,0.922559227,0.8696333549999999,480,new,feb019900ddec56bcb423af81dacd4909611ac56df60bb4fd4241b134b76aa4e,ea93485e6faf375e3e31f173aab49d0bd1bbc60271588e6fff12998bb8d65d84
TrpB,G-Rank,1,3170216297,0.932033526,0.76375243475,480,new,84bde52b69f4f2641028d4af8fb5e7835d45566fe7a7dab937de8f4b34517fa8,562b8cd64d4288c8e21a043d5bbc1d0632ffb2cf2c355777b4afd5ab0891659d
TrpB,T-Uniform-96,1,3170216297,0.922559227,0.762568147375,480,new,84bde52b69f4f2641028d4af8fb5e7835d45566fe7a7dab937de8f4b34517fa8,562b8cd64d4288c8e21a043d5bbc1d0632ffb2cf2c355777b4afd5ab0891659d
TrpB,T-DCG-96,1,3170216297,0.932033526,0.76375243475,480,reuse,84bde52b69f4f2641028d4af8fb5e7835d45566fe7a7dab937de8f4b34517fa8,562b8cd64d4288c8e21a043d5bbc1d0632ffb2cf2c355777b4afd5ab0891659d
TrpB,T-DCG-192,1,3170216297,0.922559227,0.762568147375,480,new,84bde52b69f4f2641028d4af8fb5e7835d45566fe7a7dab937de8f4b34517fa8,562b8cd64d4288c8e21a043d5bbc1d0632ffb2cf2c355777b4afd5ab0891659d
TrpB,G-Rank,2,2411313344,0.909769373,0.767988973375,480,new,d48251eb8800c8c8d1798c5e28cc4b82faaa7200d3657b799215dffa4c4ba7dd,288ae6ab214b60c95472f30d5384c6a9197cd8a89add15976ab83bfe1e6ec0ad
TrpB,T-Uniform-96,2,2411313344,0.922559227,0.769587705125,480,new,d48251eb8800c8c8d1798c5e28cc4b82faaa7200d3657b799215dffa4c4ba7dd,288ae6ab214b60c95472f30d5384c6a9197cd8a89add15976ab83bfe1e6ec0ad
TrpB,T-DCG-96,2,2411313344,0.922559227,0.7358036553749999,480,reuse,d48251eb8800c8c8d1798c5e28cc4b82faaa7200d3657b799215dffa4c4ba7dd,288ae6ab214b60c95472f30d5384c6a9197cd8a89add15976ab83bfe1e6ec0ad
TrpB,T-DCG-192,2,2411313344,0.922559227,0.742629386125,480,new,d48251eb8800c8c8d1798c5e28cc4b82faaa7200d3657b799215dffa4c4ba7dd,288ae6ab214b60c95472f30d5384c6a9197cd8a89add15976ab83bfe1e6ec0ad
TrpB,G-Rank,3,1316920716,0.800478399,0.7199956096250001,480,new,ebdd5e9abc2bfe17e627830ea0836f33d0f7e921ed6131c311358265ac143bd2,1347353444d26f9530ce18a1828b143b3458a687ff40fc3ab40287dfca1db703
TrpB,T-Uniform-96,3,1316920716,0.845869121,0.750403661375,480,new,ebdd5e9abc2bfe17e627830ea0836f33d0f7e921ed6131c311358265ac143bd2,1347353444d26f9530ce18a1828b143b3458a687ff40fc3ab40287dfca1db703
TrpB,T-DCG-96,3,1316920716,0.832570233,0.745416578375,480,reuse,ebdd5e9abc2bfe17e627830ea0836f33d0f7e921ed6131c311358265ac143bd2,1347353444d26f9530ce18a1828b143b3458a687ff40fc3ab40287dfca1db703
TrpB,T-DCG-192,3,1316920716,0.832570233,0.745416578375,480,new,ebdd5e9abc2bfe17e627830ea0836f33d0f7e921ed6131c311358265ac143bd2,1347353444d26f9530ce18a1828b143b3458a687ff40fc3ab40287dfca1db703
TrpB,G-Rank,4,3837727820,0.895147379,0.7324270496249999,480,new,491567b609b9ae6b94549c60d2ca6cb10cd7f6d1a31bd1c539a493c4c26e605a,e43db5edd087e15fd223b507e165bd7a038ad7541174dc180587fecdaad5daa6
TrpB,T-Uniform-96,4,3837727820,0.895147379,0.7501422058749999,480,new,491567b609b9ae6b94549c60d2ca6cb10cd7f6d1a31bd1c539a493c4c26e605a,e43db5edd087e15fd223b507e165bd7a038ad7541174dc180587fecdaad5daa6
TrpB,T-DCG-96,4,3837727820,0.895147379,0.7598344036249999,480,reuse,491567b609b9ae6b94549c60d2ca6cb10cd7f6d1a31bd1c539a493c4c26e605a,e43db5edd087e15fd223b507e165bd7a038ad7541174dc180587fecdaad5daa6
TrpB,T-DCG-192,4,3837727820,0.895147379,0.7598344036249999,480,new,491567b609b9ae6b94549c60d2ca6cb10cd7f6d1a31bd1c539a493c4c26e605a,e43db5edd087e15fd223b507e165bd7a038ad7541174dc180587fecdaad5daa6
TrpB,G-Rank,5,2569007194,0.922559227,0.8710825182499999,480,new,aee28460410696b3177854511eca2beac8083d0f7407082994afb371cca432d1,ae9066dfcd418a2e03c9b4608a37af855b0ce1dee743ecebe3676cab593e5fdd
TrpB,T-Uniform-96,5,2569007194,0.932033526,0.8722668056249999,480,new,aee28460410696b3177854511eca2beac8083d0f7407082994afb371cca432d1,ae9066dfcd418a2e03c9b4608a37af855b0ce1dee743ecebe3676cab593e5fdd
TrpB,T-DCG-96,5,2569007194,0.932033526,0.881488342375,480,reuse,aee28460410696b3177854511eca2beac8083d0f7407082994afb371cca432d1,ae9066dfcd418a2e03c9b4608a37af855b0ce1dee743ecebe3676cab593e5fdd
TrpB,T-DCG-192,5,2569007194,0.932033526,0.879119767625,480,new,aee28460410696b3177854511eca2beac8083d0f7407082994afb371cca432d1,ae9066dfcd418a2e03c9b4608a37af855b0ce1dee743ecebe3676cab593e5fdd
TrpB,G-Rank,6,2815334084,0.932033526,0.7710926204999999,480,new,8ca245a2c75e373a67c93b8d0465467e4d306d96f0ba79e39a47ef7eab327da5,9c3128cd8523fa3262aed511bb9354aaf25609111aaa66dcdcf03fcac00b5883
TrpB,T-Uniform-96,6,2815334084,0.932033526,0.7710926204999999,480,new,8ca245a2c75e373a67c93b8d0465467e4d306d96f0ba79e39a47ef7eab327da5,9c3128cd8523fa3262aed511bb9354aaf25609111aaa66dcdcf03fcac00b5883
TrpB,T-DCG-96,6,2815334084,1.0,0.7747529555,480,reuse,8ca245a2c75e373a67c93b8d0465467e4d306d96f0ba79e39a47ef7eab327da5,9c3128cd8523fa3262aed511bb9354aaf25609111aaa66dcdcf03fcac00b5883
TrpB,T-DCG-192,6,2815334084,1.0,0.7747529555,480,new,8ca245a2c75e373a67c93b8d0465467e4d306d96f0ba79e39a47ef7eab327da5,9c3128cd8523fa3262aed511bb9354aaf25609111aaa66dcdcf03fcac00b5883
TrpB,G-Rank,7,327804699,0.922559227,0.68967027475,480,new,31bfcccc5d9f8fc724718b33d631912511784386afed5f79fc53e350a4065eba,0b3796565bce0c0e326e33ce09dea1da477f1851fde3b7297693f25b384284b4
TrpB,T-Uniform-96,7,327804699,0.922559227,0.68967027475,480,new,31bfcccc5d9f8fc724718b33d631912511784386afed5f79fc53e350a4065eba,0b3796565bce0c0e326e33ce09dea1da477f1851fde3b7297693f25b384284b4
TrpB,T-DCG-96,7,327804699,0.922559227,0.68359654725,480,reuse,31bfcccc5d9f8fc724718b33d631912511784386afed5f79fc53e350a4065eba,0b3796565bce0c0e326e33ce09dea1da477f1851fde3b7297693f25b384284b4
TrpB,T-DCG-192,7,327804699,0.922559227,0.68359654725,480,new,31bfcccc5d9f8fc724718b33d631912511784386afed5f79fc53e350a4065eba,0b3796565bce0c0e326e33ce09dea1da477f1851fde3b7297693f25b384284b4
TrpB,G-Rank,8,848131745,0.800478399,0.6316685938750001,480,new,059791034a2ddbb57b15f6f1a712dacb121efc8baa8c36b34fc53f10ba4fbadd,40008e906c984e94f694002217181a998d8fafbe06e942cde0ac0d5edceb8a21
TrpB,T-Uniform-96,8,848131745,0.800478399,0.6316685938750001,480,new,059791034a2ddbb57b15f6f1a712dacb121efc8baa8c36b34fc53f10ba4fbadd,40008e906c984e94f694002217181a998d8fafbe06e942cde0ac0d5edceb8a21
TrpB,T-DCG-96,8,848131745,0.932033526,0.67501224575,480,reuse,059791034a2ddbb57b15f6f1a712dacb121efc8baa8c36b34fc53f10ba4fbadd,40008e906c984e94f694002217181a998d8fafbe06e942cde0ac0d5edceb8a21
TrpB,T-DCG-192,8,848131745,0.845869121,0.631352913375,480,new,059791034a2ddbb57b15f6f1a712dacb121efc8baa8c36b34fc53f10ba4fbadd,40008e906c984e94f694002217181a998d8fafbe06e942cde0ac0d5edceb8a21
TrpB,G-Rank,9,807110372,0.922559227,0.757837414625,480,new,c645c9db0d5b49919b4ba7517e3a2cc96103f0318d1f3ba30c7b31316231a67b,6a7559ec537382aaaf0f16dbc1c05e73339d64a2391014ad9c3ed67f8fc3728d
TrpB,T-Uniform-96,9,807110372,0.922559227,0.761034878125,480,new,c645c9db0d5b49919b4ba7517e3a2cc96103f0318d1f3ba30c7b31316231a67b,6a7559ec537382aaaf0f16dbc1c05e73339d64a2391014ad9c3ed67f8fc3728d
TrpB,T-DCG-96,9,807110372,0.922559227,0.761034878125,480,reuse,c645c9db0d5b49919b4ba7517e3a2cc96103f0318d1f3ba30c7b31316231a67b,6a7559ec537382aaaf0f16dbc1c05e73339d64a2391014ad9c3ed67f8fc3728d
TrpB,T-DCG-192,9,807110372,0.932033526,0.7622191655,480,new,c645c9db0d5b49919b4ba7517e3a2cc96103f0318d1f3ba30c7b31316231a67b,6a7559ec537382aaaf0f16dbc1c05e73339d64a2391014ad9c3ed67f8fc3728d
TrpB,G-Rank,10,2137118849,0.895147379,0.751014493875,480,new,ca64146843d177147bd466f5bca65c34caa87fd64a9c32164c73a028ab734770,eee732e91a0ff695f8cdad4f1d1ff02fa0c194ef8f21da25d3a69cadbe979fc8
TrpB,T-Uniform-96,10,2137118849,0.922559227,0.732284840625,480,new,ca64146843d177147bd466f5bca65c34caa87fd64a9c32164c73a028ab734770,eee732e91a0ff695f8cdad4f1d1ff02fa0c194ef8f21da25d3a69cadbe979fc8
TrpB,T-DCG-96,10,2137118849,0.922559227,0.754440974875,480,reuse,ca64146843d177147bd466f5bca65c34caa87fd64a9c32164c73a028ab734770,eee732e91a0ff695f8cdad4f1d1ff02fa0c194ef8f21da25d3a69cadbe979fc8
TrpB,T-DCG-192,10,2137118849,0.922559227,0.761293936875,480,new,ca64146843d177147bd466f5bca65c34caa87fd64a9c32164c73a028ab734770,eee732e91a0ff695f8cdad4f1d1ff02fa0c194ef8f21da25d3a69cadbe979fc8
TrpB,G-Rank,11,1739248248,0.932033526,0.809292358375,480,new,1999c34d727805a43c695706b9e97bcc96732428df7c497db7404fedbf78ccbf,a87b934fdf2c6393ebb4f5d31e0b20b469b1f4261d30aaa7bf3c927b3727f819
TrpB,T-Uniform-96,11,1739248248,0.932033526,0.809292358375,480,new,1999c34d727805a43c695706b9e97bcc96732428df7c497db7404fedbf78ccbf,a87b934fdf2c6393ebb4f5d31e0b20b469b1f4261d30aaa7bf3c927b3727f819
TrpB,T-DCG-96,11,1739248248,0.922559227,0.788808286,480,reuse,1999c34d727805a43c695706b9e97bcc96732428df7c497db7404fedbf78ccbf,a87b934fdf2c6393ebb4f5d31e0b20b469b1f4261d30aaa7bf3c927b3727f819
TrpB,T-DCG-192,11,1739248248,0.895147379,0.778528843,480,new,1999c34d727805a43c695706b9e97bcc96732428df7c497db7404fedbf78ccbf,a87b934fdf2c6393ebb4f5d31e0b20b469b1f4261d30aaa7bf3c927b3727f819
TrpB,G-Rank,12,1658528635,0.932033526,0.8356300105,480,new,f358ef951f7cc5077b2968aa4bab3e0d8692da5593a819a22a8feffee438f9c2,57b7591fa9ef533d79b288bce07efc77b8d2b111388a9507811a83f871535d8f
TrpB,T-Uniform-96,12,1658528635,0.932033526,0.83326143575,480,new,f358ef951f7cc5077b2968aa4bab3e0d8692da5593a819a22a8feffee438f9c2,57b7591fa9ef533d79b288bce07efc77b8d2b111388a9507811a83f871535d8f
TrpB,T-DCG-96,12,1658528635,1.0,0.8409283562500001,480,reuse,f358ef951f7cc5077b2968aa4bab3e0d8692da5593a819a22a8feffee438f9c2,57b7591fa9ef533d79b288bce07efc77b8d2b111388a9507811a83f871535d8f
TrpB,T-DCG-192,12,1658528635,0.932033526,0.832432547,480,new,f358ef951f7cc5077b2968aa4bab3e0d8692da5593a819a22a8feffee438f9c2,57b7591fa9ef533d79b288bce07efc77b8d2b111388a9507811a83f871535d8f
TrpB,G-Rank,13,969030905,0.932033526,0.6975974519999999,480,new,4271a6f5383fcc6ca443c8f0be1493d09b669f8482083939016fbde9ce1e18cb,4f3a499ff81b74da3f83a4fea8036d02e16238173af953d022841cd4a3eda9b2
TrpB,T-Uniform-96,13,969030905,0.932033526,0.6975974519999999,480,new,4271a6f5383fcc6ca443c8f0be1493d09b669f8482083939016fbde9ce1e18cb,4f3a499ff81b74da3f83a4fea8036d02e16238173af953d022841cd4a3eda9b2
TrpB,T-DCG-96,13,969030905,1.0,0.7060932612499999,480,reuse,4271a6f5383fcc6ca443c8f0be1493d09b669f8482083939016fbde9ce1e18cb,4f3a499ff81b74da3f83a4fea8036d02e16238173af953d022841cd4a3eda9b2
TrpB,T-DCG-192,13,969030905,0.932033526,0.6975974519999999,480,new,4271a6f5383fcc6ca443c8f0be1493d09b669f8482083939016fbde9ce1e18cb,4f3a499ff81b74da3f83a4fea8036d02e16238173af953d022841cd4a3eda9b2
TrpB,G-Rank,14,179308549,0.922559227,0.780268751125,480,new,3b3374c255e1ecea4475f31284173a88d3bc9a5070ec111a9148b70e7da8e5a5,a0dcabd0fd5dbd6fb0930800f83670e83440f6192ad24b67b81349525291a96e
TrpB,T-Uniform-96,14,179308549,0.922559227,0.778402336125,480,new,3b3374c255e1ecea4475f31284173a88d3bc9a5070ec111a9148b70e7da8e5a5,a0dcabd0fd5dbd6fb0930800f83670e83440f6192ad24b67b81349525291a96e
TrpB,T-DCG-96,14,179308549,0.932033526,0.8066899445,480,reuse,3b3374c255e1ecea4475f31284173a88d3bc9a5070ec111a9148b70e7da8e5a5,a0dcabd0fd5dbd6fb0930800f83670e83440f6192ad24b67b81349525291a96e
TrpB,T-DCG-192,14,179308549,0.932033526,0.8066899445,480,new,3b3374c255e1ecea4475f31284173a88d3bc9a5070ec111a9148b70e7da8e5a5,a0dcabd0fd5dbd6fb0930800f83670e83440f6192ad24b67b81349525291a96e
TrpB,G-Rank,15,4185550723,0.932033526,0.7701961573749999,480,new,59e0d0d4822a89d98d0b1def67422dae20204b544388b23412c99fe33b2786fa,c8cefe39a4573df3fe949ba872487b9f35948fe828d11429132f4b2ca110d904
TrpB,T-Uniform-96,15,4185550723,0.932033526,0.7665406588749999,480,new,59e0d0d4822a89d98d0b1def67422dae20204b544388b23412c99fe33b2786fa,c8cefe39a4573df3fe949ba872487b9f35948fe828d11429132f4b2ca110d904
TrpB,T-DCG-96,15,4185550723,0.922559227,0.7726673685,480,reuse,59e0d0d4822a89d98d0b1def67422dae20204b544388b23412c99fe33b2786fa,c8cefe39a4573df3fe949ba872487b9f35948fe828d11429132f4b2ca110d904
TrpB,T-DCG-192,15,4185550723,0.922559227,0.7726673685,480,new,59e0d0d4822a89d98d0b1def67422dae20204b544388b23412c99fe33b2786fa,c8cefe39a4573df3fe949ba872487b9f35948fe828d11429132f4b2ca110d904
TrpB,G-Rank,16,2560272043,0.932033526,0.75483594075,480,new,01d1b03ddd220745726770227e78109572126cc358104fd0e42986330ce84789,effdff192b6710c5819e109640c8f90b9b8d00eb341829e6c64a0cc14c3d4246
TrpB,T-Uniform-96,16,2560272043,0.922559227,0.734479126875,480,new,01d1b03ddd220745726770227e78109572126cc358104fd0e42986330ce84789,effdff192b6710c5819e109640c8f90b9b8d00eb341829e6c64a0cc14c3d4246
TrpB,T-DCG-96,16,2560272043,0.922559227,0.748289320375,480,reuse,01d1b03ddd220745726770227e78109572126cc358104fd0e42986330ce84789,effdff192b6710c5819e109640c8f90b9b8d00eb341829e6c64a0cc14c3d4246
TrpB,T-DCG-192,16,2560272043,0.932033526,0.7563265697499999,480,new,01d1b03ddd220745726770227e78109572126cc358104fd0e42986330ce84789,effdff192b6710c5819e109640c8f90b9b8d00eb341829e6c64a0cc14c3d4246
TrpB,G-Rank,17,1742390850,0.922559227,0.8304912378749999,480,new,ea0c9309f1d30386551e69bff976ff9728c7a560a1b7c334ce9bfd0dbfa19d27,c31820fb1cd5c1fa07e569c78a998c39e57fd2848e84332094c920b374df47c0
TrpB,T-Uniform-96,17,1742390850,0.922559227,0.8304912378749999,480,new,ea0c9309f1d30386551e69bff976ff9728c7a560a1b7c334ce9bfd0dbfa19d27,c31820fb1cd5c1fa07e569c78a998c39e57fd2848e84332094c920b374df47c0
TrpB,T-DCG-96,17,1742390850,0.922559227,0.8304912378749999,480,reuse,ea0c9309f1d30386551e69bff976ff9728c7a560a1b7c334ce9bfd0dbfa19d27,c31820fb1cd5c1fa07e569c78a998c39e57fd2848e84332094c920b374df47c0
TrpB,T-DCG-192,17,1742390850,0.922559227,0.8304912378749999,480,new,ea0c9309f1d30386551e69bff976ff9728c7a560a1b7c334ce9bfd0dbfa19d27,c31820fb1cd5c1fa07e569c78a998c39e57fd2848e84332094c920b374df47c0
TrpB,G-Rank,18,2980230760,0.752894791,0.71325844075,480,new,fc4c9f49a2b5a5c0356fb7c9dcea3b2e84e0b1c86cf80ca284b3367bc5ae445b,ea2f0f030409bb78ad63bc7c7e62eccf16672ad81cd738b525017f8fea55192a
TrpB,T-Uniform-96,18,2980230760,0.922559227,0.77688260425,480,new,fc4c9f49a2b5a5c0356fb7c9dcea3b2e84e0b1c86cf80ca284b3367bc5ae445b,ea2f0f030409bb78ad63bc7c7e62eccf16672ad81cd738b525017f8fea55192a
TrpB,T-DCG-96,18,2980230760,0.932033526,0.792331368375,480,reuse,fc4c9f49a2b5a5c0356fb7c9dcea3b2e84e0b1c86cf80ca284b3367bc5ae445b,ea2f0f030409bb78ad63bc7c7e62eccf16672ad81cd738b525017f8fea55192a
TrpB,T-DCG-192,18,2980230760,0.932033526,0.792331368375,480,new,fc4c9f49a2b5a5c0356fb7c9dcea3b2e84e0b1c86cf80ca284b3367bc5ae445b,ea2f0f030409bb78ad63bc7c7e62eccf16672ad81cd738b525017f8fea55192a
TrpB,G-Rank,19,3294626523,0.922559227,0.7960723715,480,new,76b3583bbc8e5f2a614b8b1fc1f59df1b4550512d8c80d5f0bbaaf09d9c9323e,b7a4b0af3428e78969b12bf6c3332a224042c192f2d4567614497e6828eebc47
TrpB,T-Uniform-96,19,3294626523,0.922559227,0.7960723715,480,new,76b3583bbc8e5f2a614b8b1fc1f59df1b4550512d8c80d5f0bbaaf09d9c9323e,b7a4b0af3428e78969b12bf6c3332a224042c192f2d4567614497e6828eebc47
TrpB,T-DCG-96,19,3294626523,0.932033526,0.771384595875,480,reuse,76b3583bbc8e5f2a614b8b1fc1f59df1b4550512d8c80d5f0bbaaf09d9c9323e,b7a4b0af3428e78969b12bf6c3332a224042c192f2d4567614497e6828eebc47
TrpB,T-DCG-192,19,3294626523,0.932033526,0.797256658875,480,new,76b3583bbc8e5f2a614b8b1fc1f59df1b4550512d8c80d5f0bbaaf09d9c9323e,b7a4b0af3428e78969b12bf6c3332a224042c192f2d4567614497e6828eebc47
TrpB,G-Rank,20,657880882,0.922559227,0.79168751075,480,new,4eb20642c24d261cd5f6f0af5370d54b1fd5ab6410e9ec18b5e112e041178665,9c50a88216524c5d4b1e4128f2f6aca19ba6a91cc62411dcc276c131ecefb9a0
TrpB,T-Uniform-96,20,657880882,1.0,0.813759376375,480,new,4eb20642c24d261cd5f6f0af5370d54b1fd5ab6410e9ec18b5e112e041178665,9c50a88216524c5d4b1e4128f2f6aca19ba6a91cc62411dcc276c131ecefb9a0
TrpB,T-DCG-96,20,657880882,0.932033526,0.792871798125,480,reuse,4eb20642c24d261cd5f6f0af5370d54b1fd5ab6410e9ec18b5e112e041178665,9c50a88216524c5d4b1e4128f2f6aca19ba6a91cc62411dcc276c131ecefb9a0
TrpB,T-DCG-192,20,657880882,0.922559227,0.7848345487499999,480,new,4eb20642c24d261cd5f6f0af5370d54b1fd5ab6410e9ec18b5e112e041178665,9c50a88216524c5d4b1e4128f2f6aca19ba6a91cc62411dcc276c131ecefb9a0
TrpB,G-Rank,21,3061771756,0.922559227,0.83088389125,480,new,6c92778b6426fa6053bb959e60e96d4042fe3178580c0e3cfff214079a0b79ca,cf805369ee7d62b2859d2a2962b823a9839633ad1afd00ba6d00ecb40828747e
TrpB,T-Uniform-96,21,3061771756,0.932033526,0.8320681786249999,480,new,6c92778b6426fa6053bb959e60e96d4042fe3178580c0e3cfff214079a0b79ca,cf805369ee7d62b2859d2a2962b823a9839633ad1afd00ba6d00ecb40828747e
TrpB,T-DCG-96,21,3061771756,0.922559227,0.83088389125,480,reuse,6c92778b6426fa6053bb959e60e96d4042fe3178580c0e3cfff214079a0b79ca,cf805369ee7d62b2859d2a2962b823a9839633ad1afd00ba6d00ecb40828747e
TrpB,T-DCG-192,21,3061771756,0.922559227,0.83088389125,480,new,6c92778b6426fa6053bb959e60e96d4042fe3178580c0e3cfff214079a0b79ca,cf805369ee7d62b2859d2a2962b823a9839633ad1afd00ba6d00ecb40828747e
TrpB,G-Rank,22,681916664,0.895147379,0.76709038025,480,new,1a60108d42c1cf2f277d9553aad23a11145f34cb1dfe01f8cf8d25e28ad16ec2,50b0c071bb0325276322009cb08007cf45ff3eb89c002cfe84f65904f4cdcaaf
TrpB,T-Uniform-96,22,681916664,0.922559227,0.77051686125,480,new,1a60108d42c1cf2f277d9553aad23a11145f34cb1dfe01f8cf8d25e28ad16ec2,50b0c071bb0325276322009cb08007cf45ff3eb89c002cfe84f65904f4cdcaaf
TrpB,T-DCG-96,22,681916664,0.922559227,0.748360727,480,reuse,1a60108d42c1cf2f277d9553aad23a11145f34cb1dfe01f8cf8d25e28ad16ec2,50b0c071bb0325276322009cb08007cf45ff3eb89c002cfe84f65904f4cdcaaf
TrpB,T-DCG-192,22,681916664,0.895147379,0.76709038025,480,new,1a60108d42c1cf2f277d9553aad23a11145f34cb1dfe01f8cf8d25e28ad16ec2,50b0c071bb0325276322009cb08007cf45ff3eb89c002cfe84f65904f4cdcaaf
TrpB,G-Rank,23,4284574173,0.922559227,0.7730928213749999,480,new,453add68a3cbdfd9b0e0164af1d61b2593292b74344a59b85da0b25c639bd752,7a5ff4d17ae1ce91ffe67ff336f5d1b152d85342b5ca72b4455ecf29e2a23cae
TrpB,T-Uniform-96,23,4284574173,0.922559227,0.7730928213749999,480,new,453add68a3cbdfd9b0e0164af1d61b2593292b74344a59b85da0b25c639bd752,7a5ff4d17ae1ce91ffe67ff336f5d1b152d85342b5ca72b4455ecf29e2a23cae
TrpB,T-DCG-96,23,4284574173,0.922559227,0.761745140875,480,reuse,453add68a3cbdfd9b0e0164af1d61b2593292b74344a59b85da0b25c639bd752,7a5ff4d17ae1ce91ffe67ff336f5d1b152d85342b5ca72b4455ecf29e2a23cae
TrpB,T-DCG-192,23,4284574173,0.922559227,0.761745140875,480,new,453add68a3cbdfd9b0e0164af1d61b2593292b74344a59b85da0b25c639bd752,7a5ff4d17ae1ce91ffe67ff336f5d1b152d85342b5ca72b4455ecf29e2a23cae
