benchmark,metric,lhs,rhs,contrast,paired_mean_difference,ci95_low,ci95_high,n_pairs,positive_pairs,equal_pairs,negative_pairs,cohort,ci_source,source_sha256
GB1,Final,T-DCG-96,G-Rank,B96 minus alternative,0.0199136693960734,-0.022885391882901385,0.06568639359202152,24,6,12,6,matched_objective24,frozen release paired bootstrap,5443ed6c696c523a9b8748eb9dd810dcf6b6a04eff6ea527506f8969e9e374a4
GB1,Final,T-DCG-96,T-Uniform-96,B96 minus alternative,0.005171054127065704,-0.026959747924555758,0.03971847233657713,24,6,13,5,matched_objective24,frozen release paired bootstrap,5443ed6c696c523a9b8748eb9dd810dcf6b6a04eff6ea527506f8969e9e374a4
GB1,Final,T-DCG-96,T-DCG-192,B96 minus alternative,-0.0006379085482763983,-0.03663401752208279,0.03732275291304308,24,6,11,7,matched_objective24,frozen release paired bootstrap,5443ed6c696c523a9b8748eb9dd810dcf6b6a04eff6ea527506f8969e9e374a4
PABP,Final,T-DCG-96,G-Rank,B96 minus alternative,0.046742410208333356,-0.10338080988020831,0.2024380819104161,24,6,16,2,matched_objective24,frozen release paired bootstrap,5443ed6c696c523a9b8748eb9dd810dcf6b6a04eff6ea527506f8969e9e374a4
PABP,Final,T-DCG-96,T-Uniform-96,B96 minus alternative,0.1719051207083334,0.022584558843750005,0.3319634357833332,24,8,15,1,matched_objective24,frozen release paired bootstrap,5443ed6c696c523a9b8748eb9dd810dcf6b6a04eff6ea527506f8969e9e374a4
PABP,Final,T-DCG-96,T-DCG-192,B96 minus alternative,0.06711224416666668,-0.049455013583333325,0.19835006633333338,24,5,17,2,matched_objective24,frozen release paired bootstrap,5443ed6c696c523a9b8748eb9dd810dcf6b6a04eff6ea527506f8969e9e374a4
TrpB,Final,T-DCG-96,G-Rank,B96 minus alternative,0.025595777833333343,0.009209014083333337,0.04561095861770832,24,13,7,4,matched_objective24,frozen release paired bootstrap,5443ed6c696c523a9b8748eb9dd810dcf6b6a04eff6ea527506f8969e9e374a4
TrpB,Final,T-DCG-96,T-Uniform-96,B96 minus alternative,0.010985978583333333,-0.0028319364166666666,0.02682325375000001,24,8,11,5,matched_objective24,frozen release paired bootstrap,5443ed6c696c523a9b8748eb9dd810dcf6b6a04eff6ea527506f8969e9e374a4
TrpB,Final,T-DCG-96,T-DCG-192,B96 minus alternative,0.011538377041666673,0.0026790831250000043,0.02235105470833333,24,7,15,2,matched_objective24,frozen release paired bootstrap,5443ed6c696c523a9b8748eb9dd810dcf6b6a04eff6ea527506f8969e9e374a4
